广东省,广州,畅途（南沙碧桂园店）,02034669292,南沙区进港大道12号（南沙碧桂园物业服务中心后）,09:00-18:00
广东省,广州,新福达汽车维修中心,15920187605,南沙区珠电路29号,08:00-19:00
广东省,广州,炫车汽车服务,13632671570,南沙区双山大道时代云图7栋,09:00-18:00
广东省,广州,共盈汽车养护中心,15999968330,南沙区环市大道中滨海半岛1号,09:00-19:00
广东省,广州,匡润汽车服务中心,18665063575,南沙区金洲巷5号(万达广场斜对面),09:00-18:00
广东省,广州,畅途（南沙滨海半岛店）,02032092083,南沙区环市大道中487号（世泰家具饰品城对面）,09:00-19:20
广东省,广州,畅途（南沙蕉门店）,02031158172,南沙区蕉门牌坊春风巷16号（蕉门牌坊旁）,09:00-19:20
广东省,广州,骏安汽车服务,13794364851,南沙区大岗灵山镇南路四街8号,08:00-18:30
广东省,广州,壳牌（博奥汽车一站式维修美容会所）,18924188067,南沙区大岗镇灵山江滘商贸城A58-A60号,08:00-19:00
广东省,广州,畅途（番禺东涌店）,02039010841,南沙区东涌镇东发二区1号楼38-46号（麦当劳背面）,09:00-18:00
广东省,广州,畅途（番禺石楼店）,02085821974,番禺区石楼镇崇山路8号路段厂房1号（原豪誉修理厂）,09:00-18:00
广东省,广州,祥珑汽车服务,13318711088,番禺区市莲路永善村段5号 ,09:00-18:00
广东省,广州,澳祺汽车生活馆,15902080077,番禺区石基镇前锋北路22号,09:00-18:00
广东省,广州,爱心汽车美容服务,13822115977,番禺区西田大街6号,07:00-07:00
广东省,广州,91星级养护中心,15915883036,增城区新沙大道北至利服装综合市场J12号,09:00-18:30
广东省,广州,两点养车（新塘店）,13760636311,增城区新塘镇新沙大道北86号,08:00-21:00
广东省,广州,两点洗车,13760636311,增城区新塘镇新沙大道北86号,08:00-21:00
广东省,广州,谊辉汽车美容护理中心,13427566380,黄埔区黄埔区经济技术开发区东江大道76号,09:00-18:00
广东省,广州,赛浪汽车服务连锁,15818170868,番禺区大龙街汉基广场B101号,07:50-19:00
广东省,广州,美车汇汽车服务,13267588718,增城区荔城街富力路45号,09:00-18:00
广东省,广州,飞达汽车服务,18028575769,番禺区大龙街傍江西村亚运大道花花世界51号,09:00-18:00
广东省,广州,德国马牌（车益汽车美容中心）,13763399628,增城区新塘镇新新大道南45号,09:00-18:00
广东省,广州,立星汽车服务中心,13538902910,增城区增城区新塘镇群星村新新大道99号,09:00-18:00
广东省,广州,利堡汽车服务,13928896013,增城区新塘镇白江路段新康花园北门田吓社耙岭三路24号,08:00-18:00
广东省,广州,新佳美汽车美容维修,13719376883,黄埔区保沙路16号,06:00-18:00
广东省,广州,爱义行（陈涌店）,02031065323,番禺区市南路239号,09:00-18:00
广东省,广州,振兴汽车修理厂,13719336408,黄埔区南岗街沙步社区宝沙路9号,09:00-18:00
广东省,广州,固特异（宝驰凯汽车美容护理中心）,18924163880,番禺区兴业大道东29号-104,08:30-18:00
广东省,广州,嘉实多指定换油（南岗店）,18565282920,黄埔区腾讯路1号,09:00-18:00
广东省,广州,车辕中高级车专修, 13726802047,番禺区富怡路447号（富怡车博城内）,08:30-18:00
广东省,广州,广州市豪杰汽车服务有限公司,13710482335,黄埔区南岗康南路13号（金航陶瓷旁300米）,09:00-18:00
广东省,广州,车仆汽车美容养护连锁（黄埔店）,13609740312,黄埔区康南路9号105档,09:00-18:00
广东省,广州,易合汽车服务有限公司,15217190909,番禺区市南路1号,09:00-18:00
广东省,广州,银马德系精修,17520440061,番禺区福德路501-505号,09:00-18:30
广东省,广州,莱骏汽车美容,020-32162787,增城区增城区凤凰城东门商业街163号铺,09:00-18:00
广东省,广州,比佛利专业汽车养护馆,13828448210,番禺区富华东路312号,08:30-18:30
广东省,广州,爵士联盟,15800240303,番禺区桥南街南堤西路17号,09:00-18:00
广东省,广州,瓜子养车（富华东路）,13560089721,番禺区市桥街道富华东路158号,08:30-08:30
广东省,广州,管博士专业名车维修（富华店）,020846617467,番禺区市桥街富华东路130号（市桥派出所对面）,07:00-07:00
广东省,广州,畅途（市桥店）,02039259959,番禺区市桥东环路393-8号（芭比酒吧隔壁路口进入）,09:00-18:00
广东省,广州,博艺汽车美容店,13268228300,番禺区甘棠大道1号,09:00-18:00
广东省,广州,爱车@爱家汽车服务,13602798110,番禺区西环路1829号,09:00-18:00
广东省,广州,众邦汽车维修,13922300095,番禺区市桥镇市新路蔡1号,09:00-18:00
广东省,广州,朝阳轮胎（广州圣朝斯汽车配件有限公司）,13622829474,番禺区新造镇永兴路22号,09:00-18:00
广东省,广州,粤锋汽车维修有限公司,18138766818,番禺区南村镇坑头村金山大道指手岭4号（七星岗公园斜对面),09:00-18:00
广东省,广州,爱义行（增城城南店）,18665633928,增城区荔城镇西山村广汕路1号,08:30-18:30
广东省,广州,i车车美容养护中心,18922220504,黄埔区双井东路2号,09:00-18:00
广东省,广州,酷骏汽车美容店,18688209384,番禺区福龙路福涌小学西北门50米,08:00-18:00
广东省,广州,壳牌（览山汽车维修有限公司）,18022344268,番禺区沙头街西环路榄山村第三工业区南一号,09:00-18:00
广东省,广州,名驹一站式汽车服务中心,13928804445,番禺区东环街桥兴大道518-520号,09:00-18:00
广东省,广州,畅途（增城永和店）,02032856416,增城区永顺大道东33-34号（原回味鸡快餐厅）,09:00-18:00
广东省,广州,苣丰汽车维护美容中心,18680208928,增城区增江街纬五路43号(碧桂园荔园旁),08:00-19:00
广东省,广州,祥旭汽车维修中心,13632365726,黄埔区石化路广新路口康达楼大厦101-103,06:00-18:00
广东省,广州,碧辉名车维修服务中心,13380022180,番禺区南村镇里仁洞植地庄北约新村1号,08:30-19:00
广东省,广州,酬信汽车一站式维修美容服务中心,13068888872,番禺区南村镇番禺大道北670号,09:00-18:00
广东省,广州,战神汽车美容中心,15918718621,增城区荔城街翠岗路22号一层103-104号,08:00-20:00
广东省,广州,管博士专业名车维修（祈福店）,02039145998,番禺区祈福车站斜对面长华商业街A区1-6号,09:00-18:00
广东省,广州,广嘉汽车一站式维修服务连锁,18819159013,番禺区长华商业街2号,09:00-18:00
广东省,广州,洁护汽车美容中心,13822120206,增城区开园路西一巷21-22号,06:00-18:00
广东省,广州,汇奔泛禹汽车修理厂,13688889813,番禺区钟村镇钟汉路5号之2厂之10号铺,09:00-18:00
广东省,广州,优养一号（番禺钟村店）,02084787593,番禺区钟四工业区一路1号（嘉成商务大厦一层）,08:30-19:00
广东省,广州,黄埔区孖宝汽车美容中心,13726708533,黄埔区企岭东直街7号102铺,09:00-18:00
广东省,广州,宾得丽汽车保养中心,13434290420,番禺区钟村镇锦绣生态园倚翠苑西区六座218号（大夫山北门斜对面）,09:00-18:00
广东省,广州,一百零一汽车服务,13760662458,增城区荔城街富力路9号,09:00-18:30
广东省,广州,嘉实多（广嘉靓车行）,13822153122,番禺区钟村街道105国道致业科技首层A-001号,09:00-18:00
广东省,广州,维雅汽车养护中心,02089854393,黄埔区珠村东环路128号,09:00-18:00
广东省,广州,007汽车美容一站式服务中心,13825041018,番禺区105国道谢村路段7号,08:30-19:30
广东省,广州,车来车往龙马汽车修理厂,13226659060,天河区汇彩路盈汇街96号,09:00-19:00
广东省,广州,广州市全天候汽车服务有限公司,13926050631,天河区珠村东环路138号,09:00-18:00
广东省,广州,中为润滑油（爱车汇汽车维修美容服务中心）,02022308865,天河区东圃镇官溪石官路10号,09:00-19:30
广东省,广州,名车坊汽车美容维修中心,13423685126,天河区珠村灵山东路2号,08:00-19:00
广东省,广州,洪仔汽车维修,13728063084,天河区奥体南路3号,09:00-18:00
广东省,广州,万力轮胎（东圃新时速汽车美容中心）,18898494168,天河区中山大道中247号（新圃加油站内）,08:30-19:00
广东省,广州,广州市天河区大力钣手汽车维修服务中心,17701909603,天河区天河大道车陂龙口大街3号,06:00-18:00
广东省,广州,车厘子车汇,02022098188,天河区棠东东路8号,09:00-18:30
广东省,广州,珍宝利汽车会馆,13660710132,天河区大观南路9号,09:00-18:00
广东省,广州,广州市车都汽车维修有限公司,020-85545380,天河区棠下涌东路2号,09:00-18:00
广东省,广州,捷时铧（旗舰店）,4000787854,天河区员村四横路6号,09:00-18:00
广东省,广州,广州市跃通汽车修理厂,18565432123,天河区临江大道员村二横路296号,09:00-18:00
广东省,广州,广州市车马炮汽车维修服务有限公司,020-34275371,海珠区江海大道红卫村中华大街34号,06:00-18:00
广东省,广州,畅途（中山大道西店）,02085672551,天河区中山大道西与荷光路交汇处（大舜丽池国际酒店停车场入口对面）,09:00-18:00
广东省,广州,嘉实多（志诚汽修）,13694262533,番禺区新城食街73号,09:00-18:00
广东省,广州,天河东港汽车护理,13826120101,天河区员村西街东颖楼1层,09:00-18:00
广东省,广州,颂凯汽车服务,13538336504,天河区棠东古隆街18号,10:00-19:00
广东省,广州,宽途汽车（靓车会汽车维修美容服务中心）,18718888234,天河区黄埔大道中员村山顶恒隆街1号（家乐福停车场內）,09:00-18:00
广东省,广州,车艺汽车美容店,15875302778,海珠区敦和路207号101铺,09:00-18:00
广东省,广州,敦和汽车美容中心,13076716186,海珠区敦和路208总站停车场内,09:00-18:00
广东省,广州,宜修汽修连锁,18818861286,天河区枫叶路加拿大花园北行50米（饶平鱼仔路口内进到底太空羽毛球馆旁）,09:00-18:00
广东省,广州,宽途汽车（瑞丰汽车维修服务部）,13535564466,海珠区南洲北路海新街11-19号首层3号铺,09:00-18:00
广东省,广州,畅途（黄陂天鹿花园店）,02082036616,黄埔区黄陂朱家街惠联路华标峰湖御景东行50米（华扬机械厂内）,09:00-18:00
广东省,广州,盛高汽修,13430368198,海珠区旧机械城19号,09:00-18:00
广东省,广州,速代驾（光和汽车一站式服务),13119582293,海珠区工业大道南889号,08:00-19:30
广东省,广州,畅途（广汕路店）,02087036773,天河区广汕二路127号（原路路顺车艺馆）,09:00-18:00
广东省,广州,纳能（盛高汽车美容服务中心）,13430368198,海珠区江南大道南889号,09:00-18:00
广东省,广州,海珠区领航汽车维护服务部,15800216667,海珠区江燕路287号,08:30-19:00
广东省,广州,爱车港汽车养护中心,13348790726,海珠区新港西路40号江南新苑地下停车场A6栋负一层,09:30-18:30
广东省,广州,怡乐汽车美容中心,020－29827789,海珠区怡乐路45号,09:00-18:00
广东省,广州,千禧汽车养护中心,13723542316,海珠区怡乐西街6号,09:00-18:00
广东省,广州,驰加(钦州湾大道店）,13607777592,越秀区钦州湾大道（名典商务酒店一楼）,09:00-18:00
广东省,广州,中化卡尔汽车服务连锁,13826297879,海珠区昌岗中路礼岗路5号（加油站内）,06:00-18:00
广东省,广州,车程汽车会所,18620809205,荔湾区东沙荷景路92号,09:00-18:00
广东省,广州,KB汽车美容生活馆,13602442447,天河区广州大道中918号（天龙酒店内停车场）,09:00-19:00
广东省,广州,好车汇汽车美容,18520655033,天河区长兴路长湴西大街1号,09:00-18:00
广东省,广州,福来汽车美容中心,13650986051,海珠区江湾路49号（江湾桥南往北桥脚前）,08:00-17:30
广东省,广州,拓美汽车美容护理,17612057265,海珠区江湾路29号,06:00-18:00
广东省,广州,广州市园林东风牌汽车技术服务站龙洞分站,13527860060,天河区龙洞北路324号,09:00-18:00
广东省,广州,广州骏菱汽车维修保养服务中心,15989217519,天河区龙洞龙湖路1号,08:30-20:00
广东省,广州,车神会,15914364570,荔湾区冲口街道鹤洞路346号万商茶都B20-23号,09:00-23:00
广东省,广州,车公馆汽车服务中心(凤凰新村店),13825005262,海珠区工业大道北55号,09:00-18:00
广东省,广州,广州市荔湾区恒进汽车美容店,18319248278,荔湾区花地大道中芳村坑口坑泉路牌坊1-3铺,08:00-18:30
广东省,广州,广州沙河一汽丰田特约店,13714446202,天河区广州大道北991号,09:00-18:00
广东省,广州,德国马牌（骏通汽车美容店）,13822186086,荔湾区龙溪大道281号,08:30-19:00
广东省,广州,车至尊汽车美容中心（荔湾店）,13533495899,荔湾区东漖北路23号,08:00-20:00
广东省,广州,同合汽车美容,18680537558,白云区同和街老庄村英豪街5号6房,09:00-18:00
广东省,广州,车一车汽车用品商行,020-88902556,越秀区东风西路120号05铺,08:30-18:00
广东省,广州,海角红楼汽车服务中心,15014218872,荔湾区桥中路坦尾8号（海角红楼旅游度假酒店内）,09:00-18:00
广东省,广州,广州正大捷诚汽车维修有限公司,02086378589,白云区向云东街4号,06:00-18:00
广东省,广州,广州市南丰汽车维修服务有限公司,13503087798,白云区机场路260号,09:00-18:00
广东省,广州,宽途汽车（越东汽车美容护理中心）,13316038107,白云区同德街田心西路202号,09:00-18:00
广东省,广州,皇马汽车美容,13632833075,白云区永平街解放庄北街1号,09:00-18:00
广东省,广州,盈捷洗车,13430280823,白云区明珠北路12号,09:00-18:00
广东省,广州,靓车一族汽车服务(黄石店),13903006254,白云区黄石东翰云路313号,09:00-18:00
广东省,广州,广州金工汽车维修有限公司,15913160961,白云区东平北路186号,08:20-20:00
广东省,广州,纳能（良安汽车养护中心）,15975362676,白云区米龙东中一街与116省道交叉口西北50米,09:00-18:00
广东省,广州,御荟汽车美容服务中心,13808861912,白云区汇桥中路29号,09:00-18:00
广东省,广州,源丰车养护,18565466796,白云区棠涌村佳园路纵横缤城1楼23号,09:00-18:00
广东省,广州,德国力魔（众友汽车维修服务中心）,13631485708,白云区黄边北路68号,09:00-18:00
广东省,广州,倍耐力（万鸿汽车维修太和店）,13503055371,白云区太和和乐花园北(太和中学东北),08:00-20:30
广东省,广州,永驰晟汽车美容中心,13066332681,白云区广从路永兴村（天鸿花园正门旁）,09:00-18:00
广东省,广州,嘉实多（创亨汽车专业维护中心）,020-29831877,白云区增槎路1133号,09:00-18:30
广东省,广州,嘉实多（爱车坊）,13480259092,白云区石槎路金碧新城1051号铺,09:00-18:00
广东省,广州,驾道汽车美容维修服务中心,13144447450,白云区嘉禾百花岭南街1巷2号,09:10-18:30
广东省,广州,星辉汽车一站式服务中心,18664786026,白云区嘉禾街七星岗商业街37-38号,08:00-22:00
广东省,广州,穗埔汽车维修厂,020-36631056,白云区太和镇广从三路88号,09:00-18:00
广东省,广州,韩泰轮胎（龙归天缘汽车维修有限公司）,18620000288,白云区均禾街新科新石路1号A栋一层,09:00-18:00
广东省,广州,极爱车品,18591759299,白云区均禾大道1183号,09:00-19:00
广东省,广州,宽途汽车（恒源汽车养护中心）,13676228167,白云区龙归南岭村富森鞋厂西南70米(兴龙花园对面),09:00-18:00
广东省,广州,壳牌（金鑫鑫汽车养护）,18565455066,白云区石井大道262号（银马男装正对面）,06:00-18:00
广东省,广州,优部汽车服务中心,13725321817,白云区石井镇红星村红星工业路17号,09:00-18:00
广东省,广州,建兴汽车修理,13924248257,白云区石马加石路21号,09:30-18:30
广东省,广州,邓禄普轮胎（广州市白云区新晖轮胎服务中心）,13751771237,白云区均禾街石加路26号,09:00-18:00
广东省,广州,铭声坊汽车音响,13600006382,白云区太和镇龙归北村北太路19号,09:00-18:00
广东省,广州,车e族汽车服务中心,13160888360,白云区均禾街石马村夏花一路38号,09:00-18:00
广东省,广州,辉驰汽车一站式服务中心,13078821103,白云区钟落潭镇钟车路14-16号,07:30-23:30
广东省,广州,腾达汽车一站式服务,020-28175099,白云区石井大道龙湖逸龙工业区,09:00-18:00
广东省,广州,昌盛汽车快速维修中心,13286829538,白云区人和镇新兴村委会前东南500米,09:00-18:00
广东省,广州,锐成汽车养护服务中心,13178812100,白云区人和镇鹤龙七路128号,09:00-18:00
广东省,广州,铭驹汽车服务中心,13538804178,从化区从化区从城大道120号(汽车站前100米）,09:00-18:00
广东省,广州,途乐汽车养护中心,13431013938,花都区新雅街广塘村白蟮塘106国道1桥旁,09:00-18:00
广东省,广州,花都新君鸿汽车养护中心,13926131873,花都区新雅街岑镜东七巷2号,08:00-20:00
广东省,广州,盛佳汽车养护中心,13249133912,花都区雅源南路（悦丰宾馆旁向西100米左右）,09:00-18:00
广东省,广州,坚诚汽车服务中心,13600011145,花都区新华街曙光路11号(田美小区旁),09:00-18:00
广东省,广州,66汽车生活馆,18520070312,花都区云山大道44号,09:00-19:00
广东省,广州,壳牌（一路鸿运来专业汽车服务）,18026203879,花都区新街大道望亭路1号,09:00-18:00
广东省,广州,典典养车（车轮战店）,13660585124,花都区新华松园路14号松园大厦6-9铺,09:00-18:00
广东省,广州,亿通汽车美容维修,13044213792,花都区建设北路鼎信四季花园211号70-72铺,08:30-19:00
广东省,广州,典典养车（汇航店）,13533888189,花都区狮岭大道东7号19-20商铺（狮城国际对面）,08:30-19:30
广东省,广州,典典养车（华昊店）,13926286867,花都区狮岭镇金狮大道东54号,09:00-18:00
广东省,广州,从化创越汽车服务中心,13503082684,从化区从化区鳌头镇新政路5号一层（工商银行旁）,08:00-18:00
江苏省,苏州,兴隆汽车美容装潢,18913075178,吴江区桃花源大道1076号,09:30-16:30
江苏省,苏州,福祥汽车服务中心,13621577622,吴江区华盛大道326号,07:30-17:30
江苏省,苏州,汽车之家（浔青路店）,15995570215,吴江区浔青路99号,08:00-23:59
江苏省,苏州,爱车族汽车护理养护中心,13913720300,吴江区迎春路3号,07:30-22:00
江苏省,苏州,清风汽车美容装潢,18537716688,吴江区吴越北路6038号,07:00-20:00
江苏省,苏州,德林特（胡万里汽车）,13912735866,吴江区望湖路1577号,07:51-17:30
江苏省,苏州,宝利达快修,18662115331,吴江区八都前贯线与207县道交叉口南150米,09:00-18:00
江苏省,苏州,超可依汽车养护中心,18721613221,吴江区頴塘路2470号,07:00-21:00
江苏省,苏州,惠忠汽车养护中心,13951123970,吴江区庙震路642号,08:00-17:00
江苏省,苏州,镇夏洗车场,15050159661,吴中区梅园路镇夏华润超市对面,09:00-18:00
江苏省,苏州,隆昌汽车,13222260868,吴江区南环路1700号,09:00-18:00
江苏省,苏州,财神驾道（舜新南路店）,13862142206,吴江区舜新南路1008号,08:00-18:00
江苏省,苏州,欧威车业,15995505008,吴江区西环路知音华美达酒店旁,09:00-18:00
江苏省,苏州,领威（佳铭汽车养护中心）,15851653231,吴江区盛东路1968号,07:30-19:00
江苏省,苏州,德国马牌(金庭中远汽车修配厂),13358005018,吴中区金庭路75号,07:30-17:00
江苏省,苏州,天天爱车汽车美容中心,15862557611,吴江区梅堰汽车站向南1000米,09:00-18:00
江苏省,苏州,优科豪马(车之侣汽车修理),18912642230,吴中区洞庭路16号,09:00-18:00
江苏省,苏州,友谊汽车养护,18662110828,吴江区晨莺路13号,08:00-18:00
江苏省,苏州,长城（万通汽车维修中心）,18963688607,吴江区平运路32号,09:00-18:00
江苏省,苏州,和顺汽修,15050393039,吴江区平运路15号,09:00-18:00
江苏省,苏州,谊车汇汽车服务中心,15995501623,吴江区学才路3号,08:30-18:00
江苏省,苏州,车杰艺汽车一站式服务,1585003897,吴中区木东路8329号,08:00-21:00
江苏省,苏州,美之瑞养车馆,17775007892,吴中区环镇路西100米,09:00-18:00
江苏省,苏州,张亮汽车维修部,13776145866,吴江区黎里镇汤角集宿区卫生服务站右侧,09:00-18:00
江苏省,苏州,苏州杰尔盛汽车服务有限公司,18915588657,吴中区木东路6018号,09:00-18:00
江苏省,苏州,泽强车业,18362767970,吴中区锦福路155-157号,08:00-18:00
江苏省,苏州,宽途汽车服务中心,13771756991,吴中区和安路550号,09:00-18:00
江苏省,苏州,车饰美汽车装潢美容,13585985912,吴江区中山南路上亿国际汽车城19栋113—116号,08:00-18:00
江苏省,苏州,壳牌（华健汽修）,15862416533,吴中区泾市路52号,09:00-18:00
江苏省,苏州,车玛珂汽车养护中心,18914098748,吴中区横泾街道嘉盛花园1幢101室,07:00-20:00
江苏省,苏州,嘉实多(苏州车壹元汽车服务有限公司),15150205888,吴中区木东路7525号,08:00-18:00
江苏省,苏州,美瑞阁汽车一站式服务,18351636260,吴中区东山大道8号,09:00-18:00
江苏省,苏州,车朋轩汽车美容养护,13349099556,吴江区庞杨路城南花苑1519号,07:30-19:30
江苏省,苏州,宝盛汽车服务有限公司,18913595705,吴中区胥口吉祥路207号,07:00-20:00
江苏省,苏州,新焦点修理厂,18662210073,吴中区胥口茅蓬路968号,08:00-17:00
江苏省,苏州,车享家（苏州花园路店）,051263986831,吴江区松陵镇花园路1832-1836号,09:00-17:30
江苏省,苏州,德国马牌（壹车仆汽车服务连锁）,13913115525,吴中区孙武路601号西南方向70米,08:00-18:00
江苏省,苏州,车洁饰汽车美容会所,13906132506,吴江区笠泽路935号,09:00-18:00
江苏省,苏州,苏州旺山汽修,18651115751,吴中区旺山村路与生态路交叉口东150米,09:00-17:00
江苏省,苏州,APEX（知车坊）,13913715850,吴江区文苑路88号（东恒盛酒店停车场）,08:00-17:30
江苏省,苏州,爱马社汽修,18913509376,虎丘区西华路338号,08:00-18:00
江苏省,苏州,苏旺汽修,15956612881,吴中区旺山村路北150米,08:00-20:00
江苏省,苏州,格灵润滑（以勒车业）,13771685387,吴江区体育路125号,08:00-17:30
江苏省,苏州,爱车驿馆一站式服务中心,15162382120,吴江区交通南路2351号,07:50-19:00
江苏省,苏州,名旺汽车一站式服务中心,18896538192,吴江区通虹路127号,07:30-20:00
江苏省,苏州,祥瑞汽修（锦安小区）,17712675508,吴江区永康路与锦业路交叉口,08:00-20:00
江苏省,苏州,优科豪马轮胎（浩锦汽车服务）,13732646941,吴中区藏书穹灵路2483号,08:00-17:30
江苏省,苏州,锦湖轮胎(腾飞车业),15190097413,吴中区穹灵路2335号,07:30-20:00
江苏省,苏州,车享家（苏州垂虹路店）,051263969635,吴江区松陵镇花园路2318号27,28#,09:00-17:30
江苏省,苏州,苏州美丽基业汽车维修服务有限公司,13814816113,虎丘区绣品街396号,09:00-18:00
江苏省,苏州,缘车汽车一站式服务（垂虹路店）,18012735855,吴江区垂虹路52号,09:00-18:00
江苏省,苏州,捷腾汽车美容,15962577728,吴江区垂虹路173号,09:00-18:00
江苏省,苏州,靓车一族汽车服务,15995555995,吴江区江兴西路862号,09:00-18:00
江苏省,苏州,驰奔行汽车服务,15995610351,吴江区江兴西路860号,09:00-18:00
江苏省,苏州,车享家（苏州梅石路店）,051263986863,吴江区梅石路1629~1631号,09:00-17:30
江苏省,苏州,威狮轮胎(车福鑫汽车配件店）,13451526634,吴中区姑苏西路129号,09:00-18:00
江苏省,苏州,车亿友一站式汽修,18962119026,吴中区方家桥小区107号,09:00-18:00
江苏省,苏州,苏州梦园汽车维修服务有限公司,18762892248,吴中区孙武路54号,09:00-18:00
江苏省,苏州,舒车堂汽车养护会所,18626157836,吴中区姑苏西路11号,08:00-17:00
江苏省,苏州,汾湖汽车维护有限公司,13004568822,吴江区金厍路238号,08:00-17:00
江苏省,苏州,百汇汽车美容部,18762945650,吴江区江兴西路563号,09:00-18:00
江苏省,苏州,壳牌（明达汽修）,13914058062,吴中区庄马路58号,09:00-18:00
江苏省,苏州,吉龍快车道,18551134292,吴江区鲈乡北路与江兴西路交叉口,08:00-21:00
江苏省,苏州,普利司通（于淼轮胎配件有限公司）,13855764248,吴中区庄马路341号,07:00-18:00
江苏省,苏州,小马汽修美容中心,17768012935,吴中区庄马路373号,07:30-19:30
江苏省,苏州,三人行汽车养护中心,13063763796,吴江区北门街155号,08:00-18:00
江苏省,苏州,君利来汽车服务有限公司,15950078609,吴中区庄马路287号,08:00-19:00
江苏省,苏州,嘉实多(德奥行汽车一站式服务),13915532334,吴中区庄马路291号,08:00-19:00
江苏省,苏州,壳牌(玛吉斯轮胎汽车服务中心),15150144781,吴中区庄马路88号,09:00-18:00
江苏省,苏州,车之居汽车1站式服务,15262519777,吴江区江兴西路400号,08:30-17:30
江苏省,苏州,洗车人家（松陵店）,13771953012,吴江区交通南路3336号,09:00-18:00
江苏省,苏州,美孚(宝驰汽车生活馆),13451554166,吴中区溪翔南路124号,08:00-18:00
江苏省,苏州,飞越汽车养护中心,15262355719,吴江区工农路101-105号,08:30-18:30
江苏省,苏州,车洁美一站式服务中心,13771877114,吴江区交通路3326号,08:00-18:00
江苏省,苏州,至达美汽车,15051726798,吴江区运东农贸外22号,08:00-20:00
江苏省,苏州,远顺汽车服务,13771648711,吴江区金厍路572号,09:00-18:00
江苏省,苏州,大拇指汽车生活馆(西塘河路店),18452766208,吴江区西塘河路19号,08:00-18:00
江苏省,苏州,尊卡汽车维修美容,15051597421,吴中区木渎镇明清街12号,09:00-18:00
江苏省,苏州,车享家（苏州江兴西路店）,051267587284,吴江区松陵镇江兴西路226号,09:00-17:30
江苏省,苏州,韦尔斯润滑油（车爵仕一站式服务）,18012650888,吴江区中山北二路777号,09:00-18:00
江苏省,苏州,埃斯(诚盛汽车服务养护中心),15995898227,吴中区香港街3-1号,09:00-17:00
江苏省,苏州,车享家（苏州香港路店）,051268418750,吴中区木渎镇天平村天灵1组陆家村68号,09:00-17:30
江苏省,苏州,壳牌（美丽车仆汽车）,13328000441,吴江区运东大道937号,07:30-20:00
江苏省,苏州,车享家（苏州越溪街店）,051267683078,吴中区越溪街道香悦花园5幢115/116室,09:00-17:30
江苏省,苏州,翔龙汽修,18752998148,吴江区新传路488号,08:00-20:00
江苏省,苏州,秋名山汽车美容,13862527182,吴江区新传路439号,08:00-18:00
江苏省,苏州,固特异(潇洋汽车服务有限公司),13915500021,吴中区吴山街11-13号,09:00-18:00
江苏省,苏州,鸿达汽车维修,15501612617,虎丘区树园路119号,09:00-18:00
江苏省,苏州,骏逸车业（木渎店）,15062535008,吴中区木渎金山南路47号,09:00-18:00
江苏省,苏州,佳嘉汽车服务,13218109687,虎丘区姚江山路11号,07:00-19:00
江苏省,苏州,道达尔（苏州隆晟汽车维修有限公司）,15995712112,吴中区竹园西路98号,09:00-18:00
江苏省,苏州,新奥车业一站式汽车服务,13375195680,吴中区木渎镇竹园路688号,09:00-18:00
江苏省,苏州,德国马牌（民生汽车维修美容）,13656257162,吴江区227省道4580号,09:00-18:00
江苏省,苏州,新奇特（第二分店）,13862144599,吴中区中山东路166号,09:00-18:00
江苏省,苏州,固特异（海洋轮胎销售有限公司）,18796804909,吴中区竹园路5号,07:30-20:30
江苏省,苏州,顺德汽车一站式服务,18912734997,吴江区迎燕东路101号,09:00-18:00
江苏省,苏州,上海车居(同里店),13306250081,吴江区迎燕东路66号,09:00-18:00
江苏省,苏州,开心汽车（凯马广场店）,15312183852,吴中区中山东路170号,08:30-17:30
江苏省,苏州,秀车一族汽车养护专家,051266910009,虎丘区科技城科创路20号,09:00-18:00
江苏省,苏州,龙捷快修（影视城店）,0512-66571555,吴中区金山南路288号,09:00-18:00
江苏省,苏州,枫华汽车养护,17625659235,吴中区枫华商业广场3幢,07:30-23:00
江苏省,苏州,新奇特车业（竹园路店）,051266299333,吴中区竹园路128号,09:00-18:00
江苏省,苏州,苏城车友汽车俱乐部,18550097938,吴中区珠江路159号,08:20-17:00
江苏省,苏州,德正隆汽车服务有限公司,13771835912,吴中区珠江中路159号,09:00-18:00
江苏省,苏州,车美丽汽车生活馆,18796431113,虎丘区梦之城3层,07:18-19:18
江苏省,苏州,志恒汽车维修部,18094258409,吴中区枫瑞路178号,06:00-22:00
江苏省,苏州,苏州犀友车业,15250429420,吴中区长江路9号长江壹号生活广场负一层,08:00-19:00
江苏省,苏州,车居仕汽车美容装潢,18914070770,吴江区中山北路2608号,09:00-18:00
江苏省,苏州,斯创汽车技术服务(吴中店）,18962194026,吴中区观音山路369号,08:00-19:00
江苏省,苏州,公里速（新区店）,13115162800,虎丘区紫金街36号,08:00-18:00
江苏省,苏州,锦湖轮胎(泰洁汽修),15051788377,吴中区蠡昂路274号,08:00-19:00
江苏省,苏州,普利司通（鸿玉汽车配件经营部）,15895525491,吴江区屯村大道59号,09:00-18:00
江苏省,苏州,米其林（友客汽修）,18118159583,吴江区屯村东路加油站对面,09:00-18:00
江苏省,苏州,苏奥汽车维修,15962117768,吴江区清扬路迎春华府向东1000米,09:00-18:00
江苏省,苏州,嘉实多(酷锐汽车服务部),18606252188,虎丘区迎宾路16号,09:00-18:00
江苏省,苏州,奥驰汽车快修养护中心,13776140214,吴江区屯村东路533号,09:00-18:00
江苏省,苏州,加德士(恩典汽车维修中心),13222281549,吴中区兴南路19号,09:00-18:00
江苏省,苏州,车享家（苏州苏蠡路店）,051267079312,吴中区苏蠡路36号,09:00-17:30
江苏省,苏州,旭瑞车业,15850221722,吴中区枫津南路22号2幢,09:00-18:00
江苏省,苏州,新奇特一站式汽车养护中心,0512-82283580,吴中区枫津南路22号3幢,09:00-18:00
江苏省,苏州,1999汽车美容装潢,13585361996,吴江区屯村东路358号,07:00-20:00
江苏省,苏州,车享家（苏州世贸运河城店）,051262380108,姑苏区宝带西路1199号1幢101-103室,09:00-17:30
江苏省,苏州,邓禄普（海超汽车）,18912608477,姑苏区太湖西路1188号,09:00-18:00
江苏省,苏州,车逸家汽车维修养护中心,15950081777,吴中区东吴南路1幢122号,09:00-18:00
江苏省,苏州,永翔一站式汽车服务,17388087189,吴中区东吴南路125号,09:00-18:00
江苏省,苏州,龙捷快修（狮山店）,0512-66571500,虎丘区金山路78号,09:00-19:00
江苏省,苏州,壳牌（鑫升祥车业）,18012733338,吴中区天灵路200号1幢,06:00-19:00
江苏省,苏州,车艺族一站式汽车服务连锁,18912797802,虎丘区玉山路80号,09:00-18:00
江苏省,苏州,固特异(航盛一站式服务连锁),13382186988,虎丘区滨河路558号,09:00-18:00
江苏省,苏州,三道汽车连锁（吴中店）,15506131773,吴中区东吴南路155-6号,08:00-18:00
江苏省,苏州,壳牌（万佳汽配汽修）,13862102227,吴中区枫津路99号,08:10-19:30
江苏省,苏州,苏州胜宝汽修一站式服务中心,13013897696,吴中区天灵路25号25-4,08:00-20:30
江苏省,苏州,壹车仆汽车服务,15262471650,吴中区花园街40号,09:00-18:00
江苏省,苏州,苏州骏诚车业,18206206939,姑苏区友新路1188号,08:30-18:30
江苏省,苏州,锦宏汽修,13732632707,姑苏区解放西路91号,08:30-18:00
江苏省,苏州,烈马骑士汽车养护专家,13739170812,虎丘区长江路511号,08:00-17:30
江苏省,苏州,倍耐力(嘉腾车业),18913128107,吴中区龙西路98号,08:00-17:30
江苏省,苏州,车享家（苏州云庭路店）,051268225362,姑苏区云庭路3-4-5号,09:00-17:30
江苏省,苏州,正新轮胎（新友汽车服务）,18915553222,姑苏区友新路友联二村85幢104座,08:00-18:00
江苏省,苏州,越顺汽车维修服务部,13771814427,吴中区宝带西路282号,09:00-18:00
江苏省,苏州,嘉实多(阿香车一站式汽车服务),13338691453,虎丘区金山路3号,08:30-18:00
江苏省,苏州,车洗家,15295673802,吴中区吴中商城白云街4-3号,07:30-19:30
江苏省,苏州,爱客汽车服务连锁（吴中店）,18913521260,吴中区水香街190号,09:00-18:00
江苏省,苏州,新奇特汽车服务（盘蠡路店）,051282283569,吴中区盘蠡路水香六村19幢,09:00-18:00
江苏省,苏州,骏逸一站式汽车服务（精维店）,18118110810,姑苏区桐泾南路311号,07:40-18:00
江苏省,苏州,韩泰轮胎（康隆汽车维修服务部）,13862575358,姑苏区南环西路651号,09:00-17:30
江苏省,苏州,米其林轮胎（竞驰汽车服务有限公司）,15850214158,吴中区尹中路66号商铺1-103号,08:15-17:30
江苏省,苏州,雅德车业一站式服务站,13013792965,吴中区郭新西路蔡家浜3号,09:00-18:00
江苏省,苏州,车享家（苏州长江路店）,051265368875,虎丘区长江路612号,09:00-17:30
江苏省,苏州,道达尔(车迪仕汽车服务中心),18013566739,吴中区郭巷镇彩虹路37号,09:00-18:00
江苏省,苏州,仙奇车业,17712631582,吴中区郭巷彩虹路43号,06:30-21:30
江苏省,苏州,酷优汽车维修保养美容装潢,15365312700,吴中区彩虹路10号,09:00-18:00
江苏省,苏州,夏园汽车一站式服务（姜庄店）,18001547372,吴中区谷盛路2号,09:00-18:00
江苏省,苏州,车马驿站汽车服务,18662268617,吴中区文曲路203号,08:00-18:00
江苏省,苏州,壳牌（养车堂一站式服务中心）,13625284172,吴中区文曲路280号,07:30-18:30
江苏省,苏州,乐驾汽车服务有限公司,18118162889,吴中区文曲路232号,07:00-20:00
江苏省,苏州,富鑫汽车一站式服务,15306139566,吴中区吴中东路118号,09:00-18:00
江苏省,苏州,车享家（苏州吴中东路店）,051267074359,吴中区吴中东路119-5号,09:00-17:30
江苏省,苏州,姑苏区宏诚汽车维修,13913149888,姑苏区胥江路179号,08:00-18:58
江苏省,苏州,APEX(豪门汽车会所),13915503757,吴中区迎春路174号,09:00-18:00
江苏省,苏州,加德士（苏援汽车维修有限公司）,18962526173,姑苏区枫桥路688号,08:10-18:00
江苏省,苏州,佳良汽车用品,18012616299,姑苏区西园路767号闻钟苑12幢,09:00-18:00
江苏省,苏州,美孚（威杰汽车服务有限公司）,051265831769,姑苏区金门路小商品市场出口处,08:00-18:00
江苏省,苏州,车享家（苏州南环东路店）,051268556965,姑苏区南环东路869-875号,09:00-17:30
江苏省,苏州,盛唐汽修美容,13776040053,姑苏区南环大街279号正南方向70米,08:00-21:30
江苏省,苏州,苏州锦安汽车一站式服务中心,13405055222,虎丘区运新路15号（鸿基科技园东北门）,08:00-19:00
江苏省,苏州,众驰汽修,15250049149,吴中区纬二路综合保税区A楼背面,09:00-18:00
江苏省,苏州,李健汽车快修,15190069722,虎丘区兴贤路611号,08:00-18:00
江苏省,苏州,车艺骏汽车服务,18260116202,姑苏区锦南巷77号（姑苏生鲜南环市场B1层 ）,08:00-18:30
江苏省,苏州,胜牌（志远汽车维修服务）,18994433377,吴中区尹东农贸市场内,08:00-18:00
江苏省,苏州,马上汽车（南门路店）,15850129291,姑苏区南门路851号,08:30-20:30
江苏省,苏州,宝利金汽车有限公司,15250073550,虎丘区鸿福路洪福花苑2-5号,08:30-17:00
江苏省,苏州,标龙汽修（新区店）,17371532878,虎丘区长江路858号,08:00-17:30
江苏省,苏州,豪特汽车服务,18120069302,吴中区松江大道加油站,09:00-18:00
江苏省,苏州,加德士（赣商阳阳汽车服务）,18913159818,姑苏区西环路3108号,07:30-19:00
江苏省,苏州,美仕途汽车生活馆,17729955551,姑苏区虎阜路999号虎丘婚纱B区负1楼b3入口,09:00-18:00
江苏省,苏州,维车仕车业,13862053967,吴中区叠翠峰东门1幢101室,08:00-18:30
江苏省,苏州,三道汽车,18912621921,吴中区东兴路118号星叶广场负一楼,08:00-18:00
江苏省,苏州,有车一族汽车美容装潢店,18915505682,姑苏区南园北路6号,09:00-18:00
江苏省,苏州,龙捷快修(浒关店),18136177100,虎丘区文昌路天玺街负一层,09:00-18:00
江苏省,苏州,80车盟,13915578827,苏州工业园区东方大道双银国际金融城4-1238,08:00-17:30
江苏省,苏州,车享家（苏州东兴路店）,051265152595,苏州工业园区东兴路38号,09:00-17:30
江苏省,苏州,神彩汽车养护中心,15806216013,姑苏区杨枝塘路102号,07:30-18:30
江苏省,苏州,夏园汽车一站式服务（湖岸名家店）,18913606652,苏州工业园区通达路1875-1号,08:00-18:00
江苏省,苏州,宝雪龙汽业,18662172355,苏州工业园区通园路228号,08:00-17:30
江苏省,苏州,邓禄普（靓途批发零售店）,18994313449,相城区迎湖路8号,09:00-18:00
江苏省,苏州,玛吉斯（靓途车业）,18994313449,相城区迎湖路2号,08:15-16:50
江苏省,苏州,龙捷快修（广济店）,13771684881,姑苏区钱万里桥公交首末站,08:00-17:00
江苏省,苏州,鑫宏汽车一站式服务（旗舰店）,13073362262,相城区问渡路12号,09:00-18:00
江苏省,苏州,宝雪龙汽车维修服务公司,18651113836,姑苏区葑门路10号,09:00-18:00
江苏省,苏州,车驿堂汽车,18061937880,吴中区万科美好广场负一层,10:00-18:00
江苏省,苏州,车享家（苏州平泷路店）,051267529370,姑苏区平泷路1258号105室,09:00-17:30
江苏省,苏州,加德士（捷驰汽车维修服务）,13013812568,姑苏区平川路锦芳街苏锦一村小区大门口,08:00-18:00
江苏省,苏州,苏州车易润,18362724516,姑苏区平齐路平齐花苑14幢107室,08:00-17:00
江苏省,苏州,马上汽车（贵都服务店）,15250933922,吴中区贵都邻里中心天天向上斜对面,09:00-17:30
江苏省,苏州,美孚（星程汽车美容装潢）,15962256163,姑苏区锦荷街103号,09:00-18:00
江苏省,苏州,长城一站式汽车服务中心,15952403181,苏州工业园区工业技术学校东门,09:00-18:00
江苏省,苏州,森诚汽车维修服务中心,15250062929,姑苏区齐门外大街313号,08:10-18:30
江苏省,苏州,荣昌行车业,18651111456,姑苏区东环路1858号7幢101室,08:00-19:00
江苏省,苏州,爱客汽车服务连锁（独墅湖店）,0512-66986900,苏州工业园区工业园区若水路1号,08:00-18:00
江苏省,苏州,骏逸车业（园区卡马仕店）,18151092525,苏州工业园区苏慕路117号（湖西派出所旁）,09:00-18:00
江苏省,苏州,壳牌(苏州万福源汽车服务有限公司),15150451577,吴中区娄门路86号,08:00-20:00
江苏省,苏州,美车饰汽车一站式服务中心,18118120013,吴中区苏虹西路百合街10号,07:30-18:30
江苏省,苏州,龙捷汽修(繁花店),15950068460,相城区澄湖西路964号繁花中心地下负二楼,09:00-21:00
江苏省,苏州,玛吉斯（金超汽车一站式服务）,13451569032,相城区台上路30号,09:00-18:00
江苏省,苏州,中晟车业（相城店）,18606209696,相城区黄桥镇永旺家园东100米,08:00-18:00
江苏省,苏州,嘉实多（馨车航汽车服务部）,15062344305,相城区善济路107号合景峰汇3期,07:00-20:59
江苏省,苏州,车享家（苏州人民路店）,051265866996,相城区人民路与聚贤路交汇处峰汇商务广场3幢124室一层,09:00-17:30
江苏省,苏州,车享家（苏州星湖街店）,051262981961,苏州工业园区星湖街1260-1262号,09:00-17:30
江苏省,苏州,迪奥迪美汽车修理有限公司,15051401855,相城区春申湖西路901号,09:00-18:00
江苏省,苏州,苏州车无忧,15699998849,相城区沈思港路95号,08:00-18:00
江苏省,苏州,苏州车侣汽车服务有限公司,13402699183,相城区荷馨街95号,07:30-18:00
江苏省,苏州,龙捷快修（相城店）,13625270994,相城区齐门北大街71号,08:00-17:00
江苏省,苏州,韦尔斯(名车之旅),13004515468,相城区长旺路97号,09:00-18:00
江苏省,苏州,航盛车业一站式汽车服务连锁,0512-62511555,苏州工业园区东福路45号,09:00-18:00
江苏省,苏州,车之佳汽车养护,13913586520,相城区阳澄湖中路68号,09:00-18:00
江苏省,苏州,车子佳汽车连锁,13701410469,相城区兴旺路1号,09:00-18:00
江苏省,苏州,加德士（车之杰汽车会所）,15250027413,相城区苏隶方浜加油站向南30米,08:00-18:30
江苏省,苏州,兴塘豪华车专修连锁（园区店）,13862182555,苏州工业园区民生路28号,08:00-18:00
江苏省,苏州,固特异（兰博仕汽车维修）,0512-69573320,相城区齐门北大街1490号,09:00-18:00
江苏省,苏州,德国马牌（鸿德汽车维修）,13915568409,相城区齐门北大街嘉和丽园22幢109号,09:00-18:00
江苏省,苏州,佳诚汽车服务中心,15050409111,相城区元和街道聚元街475号,07:00-19:30
江苏省,苏州,捷美汽车美容,18261894006,相城区齐门北大街1578号,09:00-18:00
江苏省,苏州,朋城汽修,18118449166,苏州工业园区孟下村笛普智慧智慧园,09:00-18:00
江苏省,苏州,名华汽车一站式服务中心,18550086238,相城区齐门北大街1598号,07:30-19:00
江苏省,苏州,方阳汽车美容,13405001123,相城区嘉元路588号,07:00-21:00
江苏省,苏州,道得尔（传胜汽车会所）,15950041757,相城区春申湖中路283号,09:00-18:00
江苏省,苏州,一番车道（苏虹中路店）,18621378956,苏州工业园区苏虹中路399号,09:00-18:00
江苏省,苏州,城市车族汽车服务,18626216046,相城区澄和国际服装城A区12号楼171室,09:00-18:00
江苏省,苏州,爱客汽车服务连锁(苏虹路店),051262583303,苏州工业园区苏虹中路399号7幢1号单元,09:00-18:00
江苏省,苏州,宝骏行汽车一站式服务,15250115333,相城区书香路71号,09:00-18:00
江苏省,苏州,宝车仕汽车一站式服务,17625586208,相城区书香路9号,05:00-20:00
江苏省,苏州,车利捷（相城店）,18915556918,相城区华元路99号,07:40-17:30
江苏省,苏州,潮车族汽车美容装饰,13291178757,相城区徐阳路138号,09:00-18:00
江苏省,苏州,公里速（相城店）,15850129620,相城区御窑路与苏虞张公路交叉口东150米,09:00-18:00
江苏省,苏州,后浪汽车服务,18962111418,吴中区唯亭葑亭大道678号4号厂房,09:00-18:00
江苏省,苏州,轟众车业一站式汽车服务中心,15250114558,相城区澄云路31号,08:00-17:00
江苏省,苏州,华胜车业连锁（园区店）,13814497940,吴中区苏虹中路45号,08:30-17:00
江苏省,苏州,龙捷汽修（广前店）,17751294225,相城区广前路11号广济医院地下停车负一楼,08:30-17:00
江苏省,苏州,正新轮胎(甪直正新汽车维修部),18506217832,吴中区甪直镇甫澄北路12号甫澄熙岸二期西门,07:30-19:00
江苏省,苏州,车享家（苏州亭盛街店）,051265914553,苏州工业园区亭盛街65幢101-103号,09:00-17:30
江苏省,苏州,清风车业维修保养中心,15262411197,苏州工业园区胜浦瑞祥商业广场2栋133-135室,08:00-17:30
江苏省,苏州,爱车逸族,18115512325,吴中区星龙街298号,07:30-19:00
江苏省,苏州,美孚（甪捷汽车维修）,13584888145,吴中区甪直镇育才路1号,09:00-18:00
江苏省,苏州,乐语汽车修理厂,18862337020,苏州工业园区唯新路7号,08:30-17:31
江苏省,苏州,渡客车业,13913501787,苏州工业园区葑亭大道355号,08:00-17:30
江苏省,苏州,苏皖汽车养护,15995831792,苏州工业园区金陵西路商业街2期,07:00-19:00
江苏省,苏州,矫马(金扳手漕湖维修中心),18550208029,相城区漕湖商业广场4-108号,08:30-17:00
江苏省,苏州,和信行名车养护连锁,13962148692,吴中区唯亭后戴街9号苏州时尚舞台品牌城F1,08:30-17:00
江苏省,苏州,龙捷快修（漕湖店）,0512-65720981,相城区观塘路漕湖邻里中心1楼F144号（西南角）,09:00-18:00
江苏省,苏州,米其林（志诚乐乐汽车一站式服务）,0512-67591767,相城区兴太路22号,08:30-19:00
江苏省,苏州,正新轮胎(顺佳轮胎有限公司),13815258572,苏州工业园区金陵东路338号,09:00-18:00
江苏省,苏州,车享家（苏州太东路店）,051265448950,相城区太平街道太东路2号7-103-105,09:00-17:30
江苏省,苏州,途凯汽车维修服务部,13270997539,相城区金澄路金澄新天地16幢,07:00-19:00
江苏省,苏州,车缘点（太平店）,18020597877,相城区太平金澄广场9幢30号,08:00-18:00
江苏省,苏州,车易好汽车维修股份有限公司,18662271958,相城区河东路2-12号,08:10-18:00
江苏省,苏州,壳牌（名骏百盛一站式服务）,15295678889,相城区苏渭路（云泉浴场院内）,09:00-18:00
江苏省,苏州,路航（车居士汽车服务中心）,17857252655,相城区太平镇富升路3号,08:00-17:00
江苏省,苏州,长城(东升汽车一站式服务),13222208297,相城区太平街道兴太路228号,09:00-18:00
江苏省,苏州,领航（爱华汽修厂),18962008807,相城区珍珠湖路6号,07:30-18:30
江苏省,苏州,车艺匠汽修,13776045214,相城区珍珠湖路12号,08:00-18:00
江苏省,苏州,车享家（苏州澄阳路店）,051266834647,相城区渭塘镇澄阳路2588号110室,09:00-17:30
江苏省,苏州,御祥一站式汽车服务,15190152375,昆山市千灯镇南浦东路508号,08:00-20:00
江苏省,苏州,路欧峰（豫北汽车用品店）,15001877862,昆山市炎东路5号,06:30-23:59
江苏省,苏州,车享家（苏州昆山人和路店）,051250151998,昆山市千灯镇人和路225-229号,09:00-17:30
江苏省,苏州,车帝一站式汽车服务,18118173444,昆山市南浦东路154号,09:00-18:00
江苏省,苏州,豪车码头汽车服务中心,18662355269,昆山市名人华城33栋27号,07:30-20:00
江苏省,苏州,帝车会汽车服务中心,15050217638,昆山市千灯镇少卿西路510号,07:00-16:30
江苏省,苏州,玛吉斯（博众汽车美容维修）,18013287746,昆山市南湾路836号,09:00-18:00
江苏省,苏州,嘉实多(小岳汽车服务中心),13218174256,相城区凤北公路与相城大道交叉口北100米,09:00-18:00
江苏省,苏州,车厘子理车（千灯店）,15250200155,昆山市千灯镇少卿路3号3幢,08:00-19:00
江苏省,苏州,普利司通（千灯店）,13584958084,昆山市秦峰花园32号,09:00-18:00
江苏省,苏州,轟众车业（阳澄湖店）,18015655755,相城区凤阳路318号,08:00-17:30
江苏省,苏州,车俊翔汽车美容服务中心,18255679918,昆山市巴城镇通澄向日葵花园81号楼103商铺,07:30-21:00
江苏省,苏州,车享家（苏州昆山前进西路店）,051236910121,昆山市巴城镇通澄花园四期81幢101号,09:00-17:30
江苏省,苏州,壳牌（天使爱车一站式服务）,15895651431,昆山市明澄路257号,07:30-18:30
江苏省,苏州,安耐普养护快修服务中心,18862173918,昆山市巴城镇金澄路279号,09:00-18:00
江苏省,苏州,苏州正车堂汽车服务有限公司,13771935130,相城区凤阳路163号,09:00-18:00
江苏省,苏州,嘉实多（艺车堂一站式汽车服务）,13771892090,相城区凤阳路159号,08:00-18:00
江苏省,苏州,艾姆肯汽车美容养护中心,13063751126,昆山市中华园西路183号,08:00-19:00
江苏省,苏州,美孚（车品会汽车服务中心）,13912657663,昆山市创业路588号,07:30-18:30
江苏省,苏州,欧德耐汽车生活馆,18917577781,昆山市衡山路288号,08:00-19:00
江苏省,苏州,德骏行,13806268244,昆山市城西民新路1号,08:00-18:00
江苏省,苏州,迪奥车业,18662516555,常熟市辛庄新阳大道65-1号,09:00-18:00
江苏省,苏州,壳牌（车之隆一站式服务中心）,15150468225,昆山市合兴西路189号,07:20-19:00
江苏省,苏州,汽车e族一站式服务,13218175993,常熟市新阳大道57号,09:00-18:00
江苏省,苏州,昆山树德汽车用品有限公司,18912689788,昆山市陆家镇陆丰西路88号建伟国际汽车城7幢24号,08:00-18:00
江苏省,苏州,正新（车友之家轮胎服务中心）,15366275602,昆山市联谊路251号,07:31-17:00
江苏省,苏州,MOTUL(小赵汽车服务),18012661250,昆山市鹿城路605号,09:00-18:00
江苏省,苏州,玛吉斯（晟通车业）,18662549801,昆山市友谊东路001号,09:00-18:00
江苏省,苏州,韩泰轮胎（清风车影）,15151669178,昆山市玉山镇鹿城路750-756号,09:00-18:00
江苏省,苏州,卡诺嘉（爱车一族）,17372615250,昆山市长江南路1164号,08:00-18:00
江苏省,苏州,车享家（苏州昆山庆丰东路店）,051250161686,昆山市庆丰东路345-351号,09:00-17:30
江苏省,苏州,美孚（程森汽车维修服务中心）,18702101455,昆山市香榭丽大道718弄1号11室,08:00-20:00
江苏省,苏州,美车有道,13764130773,昆山市春天大道258号20室,07:40-21:00
江苏省,苏州,驿站汽车服务部（花园路店）,17712471773,昆山市花园路1915号,09:00-18:00
江苏省,苏州,车之邦一站式汽车服务中心,18602159462,昆山市花园路1731号,08:00-18:30
江苏省,苏州,德国马牌（联浩轮胎商行）,15006267849,昆山市巷浦路1号,09:00-18:00
江苏省,苏州,苏雄汽车服务部,18626248753,昆山市景王路33号,08:00-19:00
江苏省,苏州,道得尔（艺荣车臣汽车养护中心）,15921780163,昆山市商银路1255号,08:00-20:00
江苏省,苏州,车艺驰车体极致护理,15155761823,昆山市花桥镇绿地大道双联国际1幢,08:00-20:00
江苏省,苏州,牛牛车坊,15221616818,昆山市商银路1255号6栋001（双联国际商务中心）,08:00-22:00
江苏省,苏州,亿车汇汽车,17501429325,昆山市玉山镇昆太路686号,07:00-19:00
江苏省,苏州,舒车堂汽车服务连锁,18118176295,昆山市富士康路1183号,09:00-18:00
江苏省,苏州,车厘子理车,17712473607,昆山市前进东路1008号,07:30-18:00
江苏省,苏州,卡尔汽车一站式服务,15162629727,昆山市梧桐广场芦北路562号,09:00-18:00
江苏省,苏州,车感觉汽车维修养护,19951267427,昆山市花安路430号,08:00-18:00
江苏省,苏州,懂车帝汽车保养维修中心,13245057777,昆山市横泾路与昆太路交叉口,08:00-18:00
江苏省,苏州,车享家（苏州昆山同丰东路店）,051257719287,昆山市同丰东路1091-1093号,09:00-17:30
江苏省,苏州,车享家（苏州昆山春晖路店）,051236691320,昆山市周市镇春晖路611号一层部分商铺、613号一层部分商铺,09:00-17:30
江苏省,苏州,德国马牌（百事德）,18936114249,昆山市紫竹路1239号,07:30-18:30
江苏省,苏州,昆山鸿隆汽车服务有限公司,13052889488,昆山市昆嘉路341号,08:20-18:00
江苏省,苏州,车享家（苏州昆山金浦路店）,051257995286,昆山市周市镇金浦路344号,09:00-17:30
江苏省,苏州,米其林（安通轮胎）,15906516973,昆山市青阳北路168号,08:00-18:00
江苏省,苏州,尚美汽车一站式服务,15162679275,昆山市白塔路黄金海岸西门,09:00-18:00
江苏省,苏州,洁美汽车养护中心,15298832699,常熟市东升路33号,05:00-23:00
江苏省,苏州,百隆汽车服务连锁(玫瑰湾店),18626096537,昆山市杨树路495号吉玛特生活超市地下一层,09:00-18:00
江苏省,苏州,宝捷龙车业,17312670655,昆山市萧林东路1258号,08:00-18:30
江苏省,苏州,壳牌（广顺汽车服务部）,13773020377,常熟市练塘大道16号,07:00-20:00
江苏省,苏州,美孚（明车坊汽车服务中心）,18351680797,昆山市蓬溪中路27号,00:00-19:00
江苏省,苏州,玛吉斯（天文路店）,13817469661,昆山市天文路20号,07:00-17:00
江苏省,苏州,养车坊汽车服务中心（华寓路店）,13584993260,昆山市华寓路与石鑫路交口东行50米路北（环湖佳苑1号楼）,07:30-18:00
江苏省,苏州,茂林汽修,15062666041,昆山市华寓路与石鑫路交口东行50米路北（环湖佳苑1号楼）,07:00-20:00
江苏省,苏州,路欧峰（小蒋汽车美容）,18112757505,常熟市尚湖大道工商银行旁,09:00-18:00
江苏省,苏州,快捷汽车服务,18361997311,昆山市蓬溪北路882号,07:00-19:00
江苏省,苏州,华云汽车服务中心,13584900236,昆山市蓬莱路53号,06:00-23:59
江苏省,苏州,恒源汽修一站式服务,18914978690,昆山市益伸路489号,09:00-18:00
江苏省,苏州,车享家（苏州常熟汇金一路店）,051252179130,常熟市湖山路333号同济科技广场2号楼114-116室,09:00-17:30
江苏省,苏州,嘉实多（昆山至尊汽车服务）,18068074772,昆山市周新路与永工路交叉口西南150米,08:00-18:00
江苏省,苏州,勇顺汽车服务部,15962483177,常熟市三塘路234号,07:00-22:00
江苏省,苏州,枫林汽车,13372127333,常熟市枫林路205号,09:00-18:00
江苏省,苏州,养车堡汽车养护中心,13915584237,常熟市琴湖广场五号楼121号,08:30-17:00
江苏省,苏州,固特异轮胎（太仓启驾汽车）,15051632161,太仓市东古路2号,07:30-18:30
江苏省,苏州,车享家（苏州太仓新华西路店）,051253662760,太仓市县府西街158号君悦豪庭北区商铺5-3 6-1 6-2商铺,09:00-17:30
江苏省,苏州,速锐汽修服务部,15895563011,太仓市东古路2-28号,08:00-18:30
江苏省,苏州,韦尔斯（路路通汽车美容装饰中心）,15851519694,常熟市琴湖路268号,09:00-18:00
江苏省,苏州,欧帕斯（靓车点汽车装饰）,13814583489,太仓市长春南路12号,07:30-17:30
江苏省,苏州,车友之家（金顺汽车）,13358021089,常熟市青墩塘路98号,08:00-18:00
江苏省,苏州,邓禄普轮胎（富康汽车美容装潢）,13962498245,常熟市富康路16号,09:00-18:00
江苏省,苏州,车佰汇汽车一站式服务,18551118218,太仓市上海西路53号,09:00-18:00
江苏省,苏州,壳牌(甬江汽车维修养护中心),13773027463,常熟市甬江路20号,09:00-18:00
江苏省,苏州,畅速汽车养护中心,18796893073,太仓市长春北路9-2号,08:00-22:00
江苏省,苏州,车享家（苏州常熟黄河路店）,051252832163,常熟市黄河路777号佳和商业中心5幢103号,09:00-17:30
江苏省,苏州,欧罗来（新感觉汽车）,18550029720,常熟市珠江路168号,09:00-18:00
江苏省,苏州,鑫顺汽车美容装潢中心,18151575556,常熟市李闸路395-1号,09:00-18:00
江苏省,苏州,菱威汽车服务有限公司,18913689812,常熟市文学街722号,08:00-17:00
江苏省,苏州,诚力好先生,13306223753,太仓市人民北路30号,08:00-18:30
江苏省,苏州,车享家（苏州常熟珠江东路店）,051252416231,常熟市珠江东路世贸世纪中心-创富世纪3幢103-104号,09:00-17:30
江苏省,苏州,洗车人家（锦州路口店）,13862295812,太仓市朝阳路锦州路口,09:00-18:00
江苏省,苏州,德国马牌（宁鸿汽车）,15962494699,常熟市文学街与金源路交叉口,09:00-18:00
江苏省,苏州,百隆汽车一站式服务,15051661331,太仓市朝阳东路22号,09:00-18:00
江苏省,苏州,雷霆车友,15150379771,常熟市勤丰路53号,09:00-18:00
江苏省,苏州,爱车计划服务连锁,18552019669,太仓市太平北路66号,08:30-17:30
江苏省,苏州,航顺达汽车美容,15851560763,常熟市古里镇政府斜对面,07:30-18:00
江苏省,苏州,邓禄普（凤凰车浩饰洗车行）,15366261338,张家港市凤凰路40-15号,07:00-20:00
江苏省,苏州,思家车,18795490582,太仓市郑和中路万鸿塞纳丽舍21号楼,09:00-18:00
江苏省,苏州,凯特一站式服务中心,15162569486,常熟市老街静海路老街一期南门对面,06:30-19:00
江苏省,苏州,车享家（苏州太仓滨河东路店）,051253577235,太仓市滨河路168-34号,09:00-17:30
江苏省,苏州,车享家（苏州太仓郑和中路店）,051253201013,太仓市郑和中路376号塞纳丽舍20幢8号一层,09:00-17:30
江苏省,苏州,胜华车业有限公司一站式服务,15051497719,常熟市常浒路2888号,08:00-20:00
江苏省,苏州,卡卡爱车俱乐部,13182682112,太仓市郑和中路65号,09:00-18:00
江苏省,苏州,精诚汽车养护中心,15861633165,张家港市凤凰镇栏杆桥100号,07:00-20:00
江苏省,苏州,睿洗超级中心,17388493801,太仓市天津路100号,09:00-18:00
江苏省,苏州,壳牌（睿翔汽车服务）,18656507899,太仓市大庆雍景苑4幢9号,08:30-17:10
江苏省,苏州,东昇杰汽车美容装潢,15851625235,张家港市吴湖路1号,09:00-18:00
江苏省,苏州,玛吉斯（新港中路店）,15051504421,太仓市新港中路50号,06:30-21:30
江苏省,苏州,道达尔（车世家汽车养护）,18921973351,张家港市凤凰大道双龙花园小区5号底商,09:00-18:00
江苏省,苏州,爱车地带汽车维修一站式服务,15962332863,常熟市常浒公路32号（大虹桥警务室旁）,07:00-18:00
江苏省,苏州,浩羽汽车养护,13862227872,张家港市东区大道与汤联路交叉口西150米,08:30-16:30
江苏省,苏州,鸿安汽车养护中心,15666902928,太仓市常胜北路50号1幢101室,09:00-18:00
江苏省,苏州,168汽车俱乐部旗舰店,13773269606,张家港市金港大道338号,09:00-18:00
江苏省,苏州,德国马牌（顺发汽车服务广场）,18351709921,张家港市镇北路26号,07:00-20:00
江苏省,苏州,锦源汽车维修养护中心,13665185307,张家港市凤凰镇西张西秒路金谷小区九栋105,09:00-18:00
江苏省,苏州,车护士汽车美容装潢（金港镇）,15358896445,张家港市江海南路39号,09:00-18:00
江苏省,苏州,车仕多汽车一站式服务,13338027125,常熟市西环路2号108室,07:30-23:59
江苏省,苏州,金典汽车美容装饰服务部,18962286736,张家港市馨苑路61-63号,09:00-18:00
江苏省,苏州,车享家（苏州张家港馨苑路店）,051256900019,张家港市杨舍镇湖东花苑房号7幢-M5,09:00-17:30
江苏省,苏州,宣路达汽车一站式服务,15995590922,太仓市板桥路113号,07:00-19:00
江苏省,苏州,骆驼蓄电池(云修连锁汽车服务中心）,15298806695,张家港市文星南路后塍新塍小区大门口,09:00-18:00
江苏省,苏州,车管家汽车装饰服务部,17351256787,张家港市东山南路68号,07:00-23:00
江苏省,苏州,美车堂(小菜巷路店),15851666181,张家港市小菜巷路25号,08:00-17:00
江苏省,苏州,快乐洗车中心（浦家湾弄店）,18013615767,张家港市浦家湾弄15号,07:00-17:00
江苏省,苏州,酷车派汽车美容,18021639281,常熟市塘湾路路与海港线交叉口,08:00-23:00
江苏省,苏州,龙捷快修（客运站店）,17751191811,张家港市华昌南路3号,09:00-18:00
江苏省,苏州,优科豪马（天涯汽车美容装饰）,18118113315,张家港市河西南路95号,07:00-19:30
江苏省,苏州,德国马牌(支塘店),18761887855,常熟市宝芝路1幢137号,09:00-18:00
江苏省,苏州,欧罗来（零距离车饰）,15371881803,常熟市香州路15号,08:00-18:00
江苏省,苏州,车享家（苏州张家港东环路店）,051258261196,张家港市东环路皇家首座23-27号,09:00-17:30
江苏省,苏州,诚辉汽车换油服务中心,13914908700,张家港市水站陆家巷37号,08:30-18:00
江苏省,苏州,车享家（苏州张家港南苑东路店）,051258261192,张家港市南苑东路29号帝景豪园南门10栋35号,09:00-17:30
江苏省,苏州,腾飞汽修有限公司,18550303097,太仓市印溪南路1111号,08:50-23:00
江苏省,苏州,阿特拉斯轮胎（建宏汽车）,13262988855,张家港市港城大道182号,09:00-18:00
江苏省,苏州,酷车汇汽车服务部（沙溪店）,13771161351,太仓市沙南西路98号,08:00-19:00
江苏省,苏州,车臣汽车美容养护中心,18626221265,太仓市中市东路东方雅苑6-1号,09:00-18:00
江苏省,苏州,美泊莱汽车维修服务中心,18021640935,张家港市天台南路156号,09:00-18:00
江苏省,苏州,百援汽车连锁服务中心,18915672868,张家港市黄泗浦西路137号,06:00-18:00
江苏省,苏州,锦鸿汽车养护中心,19951183199,张家港市通贸街78号,08:00-22:00
江苏省,苏州,完美汽车美容（沙溪店）,18913769575,太仓市新北西路56号,09:00-18:00
江苏省,苏州,玛吉斯（车之恋换油养护服务有限公司）,18605120494,张家港市敬安路8号,08:00-17:00
江苏省,苏州,光明汽修,13962235101,张家港市蒋乘路28号,07:30-18:00
江苏省,苏州,博世汽车专业维修（金港镇店）,13776099446,张家港市中圩路与江海中路交叉口东150米,07:40-17:30
江苏省,苏州,车享家（苏州张家港第三站店）,051267420282,张家港市张杨公路体育馆旁,09:00-17:30
江苏省,苏州,奔帝汽车美容装潢服务部,18962411982,太仓市印溪东路662号,09:00-18:00
江苏省,苏州,博胜汽车服务有限公司,18551111366,太仓市印溪东路662号,09:00-18:00
江苏省,苏州,超人汽车会,18662637793,张家港市中港北路3号,08:53-18:34
江苏省,苏州,米其林（中兴路店）,15962395313,张家港市中兴路红绿灯东10米,09:00-18:00
江苏省,苏州,张家港凯瑞达汽车养护装潢中心,18921997117,张家港市和鑫路和鑫花园社区对面,09:00-18:00
江苏省,苏州,锦鸿汽车维修美容中心,13862319969,常熟市府前路欧德福超市后面,07:30-19:00
江苏省,苏州,翔顺汽车装潢部,18962338536,常熟市梅北路55-19号,09:00-18:00
江苏省,苏州,广东顺发汽车装潢,15051767317,常熟市人民路92号,09:00-18:00
江苏省,苏州,壳牌（红燕汽车维护服务部）,13773033046,常熟市梅北路81号,09:00-18:00
江苏省,苏州,爱尚车汽修美容,13041898060,常熟市通江路26号,09:00-18:00
江苏省,苏州,金标汽车换油服务中心,18550134030,张家港市银苑中路与银苑西路交叉口西50米,09:00-18:00
江苏省,苏州,车百科汽车装潢美容,15301572991,常熟市人民路76-78号,07:00-20:00
江苏省,苏州,玛吉斯轮胎（德成鑫汽车养护服务部）,13913636201,常熟市梅李镇交警中队北100米,07:00-21:00
江苏省,苏州,正新轮胎（车之佳汽车养护）,13814994844,常熟市何市公交车站斜对面,09:00-18:00
江苏省,苏州,强盛汽车美容装潢中心,051253290857,太仓市归北路18号,09:00-18:00
江苏省,苏州,小广汽车装饰,13862287123,太仓市郑和路888号,07:30-17:30
江苏省,苏州,爱车宝汽修店,13651702262,太仓市郑和东路88-4号,06:00-18:00
江苏省,苏州,牌楼汽车美容生活馆,15150317172,太仓市浏双线117号,07:00-18:00
江苏省,苏州,小广东车饰,13814911202,常熟市新溪路38号,09:00-18:00
江苏省,苏州,泉鑫汽车养护,16605204619,张家港市新联花苑37幢26-27号,07:40-18:00
江苏省,苏州,通达汽车维修汽配,15150202046,张家港市杨锦公路56号,06:00-23:00
江苏省,苏州,美邦汽车,15250365076,张家港市府前路阳光家园北门M03号,08:00-18:00
江苏省,苏州,益思特汽车服务中心,17625396290,张家港市府前路富华佳园2-30号 ,08:00-18:30
江苏省,苏州,靓车贝贝汽车美容中心,18136982808,张家港市合兴悦来三村西门卫,06:30-23:59
江苏省,苏州,永通汽修,13952420755,太仓市龙江路大转盘向北200米路东侧,09:00-18:00
江苏省,苏州,车世界美容会所（璜泾店）,17351717802,太仓市璜泾沙鹿路新华侨,09:00-18:00
江苏省,苏州,小鲍汽车美容中心,13196614801,太仓市荣文路幼儿园向东400米,07:00-19:00
江苏省,苏州,捷豪汽修,13776286977,太仓市新港东路上海春天小区靠东,09:00-18:00
江苏省,苏州,亿佳汽车美容装饰,13913689903,太仓市棉北路108号,05:30-20:00
江苏省,苏州,壳牌（晶秀汽车美容装潢）,13814580768,太仓市和平路南天主题酒店南100米,09:00-18:00
江苏省,苏州,闸北汽车美容装潢,15580853631,太仓市中兴街54号,09:00-17:00
江苏省,苏州,青中汽车美容装潢部,13962458158,张家港市乐兴南路星辰花苑9幢98号,09:00-18:00
江苏省,苏州,圣保路（天阳汽车车身维修）,13915702229,张家港市同德路1号,09:00-18:00
江苏省,苏州,盛达汽车换油中心,18913616196,张家港市华润路2号（金鹿集团正大门斜对面）,09:00-18:00
江苏省,苏州,洗车人家汽车服务（江海汇店）,15995995052,张家港市永新路与青年路交叉口（锦都中央广场1幢）,08:03-18:03
江苏省,苏州,车享家（苏州张家港永新路店）,051256956833,张家港市锦丰镇锦苑1幢104~107室,09:00-17:30
上海市,上海,佳通（上海齐虎汽车修理厂）,15921353412,金山区枫泾镇泾宾路581-583号,09:00-18:00
上海市,上海,壳牌（上海齐虎汽车修理厂）,13671698587,金山区枫泾镇枫阳路164号,08:00-18:00
上海市,上海,小拇指汽车微修（古城店）,18918800699,金山区古城路665号,08:00-18:00
上海市,上海,车贝捷汽车俱乐部,15821722960,金山区卫零路205号,08:00-19:00
上海市,上海,金富力（缘利汽修）,13917636457,金山区龙胜路679号,08:00-18:00
上海市,上海,胖子汽车装潢,02157960896,金山区东平南路537-541号,09:00-18:00
上海市,上海,忠良汽车养护,15021853166,金山区东平南路545-549号,07:00-21:00
上海市,上海,嘉实多（亮车汽车装潢维修）,13045643033,金山区城河路343号,08:00-17:30
上海市,上海,汽车1+2（东平南路店）,18918448720,金山区东平南路831号,08:00-17:00
上海市,上海,车车翔（学府路店）,13501857542,金山区金山卫镇学府路1800弄3,07:00-19:00
上海市,上海,米其林（老黄汽车装潢部）,13901935880,金山区金山大道2259-2261号,06:00-18:00
上海市,上海,统一合能（彭顺汽车服务中心）,13524810534,金山区龙山路496号,09:00-18:00
上海市,上海,伟明汽车装潢,18964812867,金山区朱泾镇众益街351-361号,09:00-18:00
上海市,上海,壳牌（浪城小许汽车维修）,13636526987,金山区朱泾镇罗星路560-564号,07:09-18:00
上海市,上海,顺宏汽车美容中心,13601890469,金山区山阳镇红旗东路124号,07:00-19:00
上海市,上海,佳通（车八度汽车服务）,18917829563,青浦区练塘镇练新路13号,06:00-18:00
上海市,上海,马石油（乐众汽车一站式维修中心）,02157382818,金山区亭枫公路2361号,09:00-18:00
上海市,上海,车宅保汽车服务,13651772073,松江区泖港镇中厍路300号,09:00-18:00
上海市,上海,美车壹站,13331932422,金山区亭林镇南亭公路6845弄13号,07:00-18:00
上海市,上海,德昕汽车服务中心,18217514990,松江区翔昆路70号,07:30-17:30
上海市,上海,小陈洗车行,13817517640,松江区文翔路5218弄118号,06:00-18:00
上海市,上海,上海丽纯环保科技有限公司,17721268622,青浦区康园路399弄2栋6号,09:00-18:00
上海市,上海,韩泰（应陆汽摩配件经营部）,15921828526,青浦区朱家角镇沙家埭路501号,07:30-19:00
上海市,上海,心蕾汽车服务中心,18221807596,松江区玉树路2158号,08:00-19:00
上海市,上海,宝瑞汽车服务中心,13681678170,松江区玉森路164号,08:00-18:00
上海市,上海,勇享车（飞航广场店）,13148161777,松江区玉树路2783号飞航广场地下停车库,09:00-21:30
上海市,上海,翔星汽车美容店,13524143522,松江区辰塔路1451号,07:30-18:00
上海市,上海,清忻汽车服务,15901658068,松江区文诚路2188弄430号,09:00-18:00
上海市,上海,勇享车（新理想城店）,13761214986,松江区荣乐西路860号（新理想城负一层C区）,08:00-18:00
上海市,上海,艺殊佳汽车生活馆,18001725119,青浦区朱家角镇祥凝浜路3-6号,09:00-18:00
上海市,上海,叶城汽车维修服务,13818113774,松江区叶榭镇叶政路1009号,09:00-18:00
上海市,上海,壳牌（煜飞汽车服务）,19945738926,松江区文涵路126号地下车库负一层,09:00-18:00
上海市,上海,世博汽车美容（朱家角店）,13681752936,青浦区浦泰路1306号,06:30-19:00
上海市,上海,车车翔（松江店）,02157821970,松江区荣乐中路847-859号（近西林北路）,09:00-20:00
上海市,上海,京东会（成远汽车服务）,15000988009,松江区环城路126-134号,08:00-20:00
上海市,上海,驰加（上海立民汽车装潢用品有限公司）,02157835552,松江区环城路730-738号近方塔北路口,07:00-18:00
上海市,上海,臻火汽修,18017800659,松江区松卫北路1846号,08:00-20:00
上海市,上海,好修养（上海松江坤轮汽车服务部）,13671888271,松江区南青路298号,09:00-18:00
上海市,上海,德国马牌（上海轮吉汽车服务维修部）,17855099866,松江区新松江路262号,08:30-21:30
上海市,上海,万力（联建村店）,13817944783,松江区车墩路车亭公路联建村113号,06:00-20:00
上海市,上海,艺养汽车（美容部）,15800365957,松江区荣乐东路1535号,08:00-17:00
上海市,上海,美孚（长久汽车服务有限公司）,13162533833,松江区宝荣路9号2幢,09:00-18:00
上海市,上海,DMS汽车养护中心,18001959567,松江区茸北路333弄1号东一层,09:00-21:00
上海市,上海,欧诺优（庆洋汽车服务）,18201729676,奉贤区环城南路1122号,08:00-19:00
上海市,上海,上海驰修汽服（奉贤大润发店）,02167100232,奉贤区南桥镇南亭公路601号（B1停车场）,09:00-18:00
上海市,上海,金富力（乔森汽车服务),18501618626,青浦区城中南路191-195号,09:00-18:00
上海市,上海,车靚汽车美容,18816518589,松江区影振路233号,08:30-18:30
上海市,上海,汇众汽车养护中心,17721081968,松江区广富林路1188弄（风情街地下室）,08:30-19:00
上海市,上海,车友汽车维修养护（陆航路店）,18062898564,奉贤区南桥镇陆航路211号,09:00-18:00
上海市,上海,车友汽车维修养护（新建西路店）,13818416141,奉贤区新建西路643号,09:00-18:00
上海市,上海,大蜂车（佘山店）,19121274967,松江区佘山镇桃源路378号,09:00-18:00
上海市,上海,臻帅汽车维修服务,15821959755,青浦区环城东路282-284号,06:00-18:00
上海市,上海,帅斌汽车美容养护中心,13482652068,松江区广富林路1188弄185号,08:00-21:00
上海市,上海,驰诚汽车服务,13381795669,青浦区盈港路1555弄23号,07:00-20:00
上海市,上海,汽车1+2（勤易汽车服务中心）,15601907875,青浦区淀浦河东路61号,06:00-18:00
上海市,上海,御臨君（藤原汽车服务）,18717747060,松江区桃源路62号,09:00-18:00
上海市,上海,昼创汽车技术服务中心,15555066555,松江区车墩镇南姚路100号,08:00-20:00
上海市,上海,顺达汽车装潢美容（青湖路店）,02159718003,青浦区青湖路1150弄16号,08:00-18:00
上海市,上海,车博士名车汽车养护中心,17701428866,奉贤区南桥路537号,09:00-18:00
上海市,上海,上海湃赛汽车服务有限公司,13524263830,松江区车泾路123号,08:00-19:00
上海市,上海,驰加（上海石天贸易有限公司）,02157417019,奉贤区南桥镇沪杭公路1787-1791号,07:30-17:30
上海市,上海,统一(任驿汽修),19916758177,青浦区青湖东路855号,08:00-20:00
上海市,上海,嘉实多（上海徐隽汽车服务有限公司）,13764888834,奉贤区南桥镇沪杭公路1793号,09:00-18:00
上海市,上海,京车会（万驰汽车南港路店）,13701830978,奉贤区南港路928号,09:00-18:00
上海市,上海,京东京车会（上海务众汽车装潢）,18049778763,青浦区华科东路188号,09:00-18:00
上海市,上海,中策车空间（上海市闵行区万州旗舰店）,13564460272,闵行区昆阳路864号,08:00-23:00
上海市,上海,新居洗车,13103815841,闵行区罗阳路551号,09:00-18:00
上海市,上海,美孚（上海腾亨汽车服务有限公司）,18016397868,松江区洞泾镇沈砖公路5599号（伟凯工业园）,08:00-18:00
上海市,上海,嘉实多（上海心怡汽车服务）,18918952893,松江区洞宁路612号,08:00-18:00
上海市,上海,中华（华星尊尚汽车服务）,18621758558,青浦区外青松公路5088号,08:00-21:00
上海市,上海,辉腾志标汽车美容,17301630186,青浦区香花桥街道大盈路459号,06:33-20:00
上海市,上海,完美汽车技术服务中心,13641969707,松江区新南街133号,09:00-18:00
上海市,上海,壳牌（完美汽车服务有限公司）,13641969707,松江区新桥镇新南街147弄14-16号,08:00-18:00
上海市,上海,京东京车会（上海斐卓汽修）,18667612166,闵行区华宁路196号,08:30-18:00
上海市,上海,中华（森台华晨服务中心）,13391298696,青浦区赵巷镇赵重公路108号,08:00-20:35
上海市,上海,杰成汽车维修服务,15801989181,闵行区东川路2716号,08:30-19:00
上海市,上海,金富力（浩允汽车服务有限公司）,15221909205,闵行区碧江路355号,08:00-18:00
上海市,上海,车美饰汽车美容装饰,15555551135,青浦区镇中路545号,08:00-19:00
上海市,上海,艾倍力（骋岳汽车服务中心）,02169758000,青浦区镇泽路532号,09:00-18:00
上海市,上海,汽车维修美容,13764320695,闵行区碧江路444号红旗停车场,06:00-18:00
上海市,上海,德宏汽车养护站,13122723705,闵行区景谷中路635号,09:00-17:00
上海市,上海,壳牌（玉雷汽车养护中心）,18521530731,闵行区景谷中路635号,09:00-18:00
上海市,上海,壳牌（上海迢隆汽车服务有限公司）,15921227965,奉贤区西闸公路1100号,09:00-18:00
上海市,上海,韩泰（天宇汽车维修服务部）,18818063617,青浦区赵重公路1741号,08:00-18:00
上海市,上海,邓禄普（上海坤誉贸易有限公司）,15021297756,松江区泗砖路1弄11号,09:00-18:00
上海市,上海,阿包汽修美容,13701629492,闵行区石屏路179号,09:00-18:00
上海市,上海,倍耐力（上海宏吉轮胎有限公司）,02154746998,闵行区德宏路2554-2560号,08:00-18:00
上海市,上海,新华瑞汽车养护中心,18037759810,青浦区沪北青平公路2599号,09:00-18:00
上海市,上海,实田友进汽车维修中心,13301792919,闵行区瓶安路518号,09:00-18:00
上海市,上海,马石油（炫丽汽车养护）,13918195117,青浦区重固镇赵重公路2788弄,08:00-18:00
上海市,上海,固特异（盈港汽车服务中心）,13122123371,青浦区盈港东路佳悦路东100米,09:00-18:00
上海市,上海,大蜂车（银都西路店）,18301983721,松江区银都西路350号歆翱商务园 A3 ,08:20-20:00
上海市,上海,嘉昱汽车服务,15800593229,松江区银都西路350号,09:00-18:00
上海市,上海,欧洲维修（凌度颛桥店）,13122853301,闵行区颛盛路510号,08:00-17:30
上海市,上海,浦宇汽车维修,13585571160,松江区银都西路236号,07:45-19:15
上海市,上海,嘉实多（颛盛汽车维修有限公司）,15021439028,闵行区颛盛路490号,08:10-18:10
上海市,上海,壳牌（上海靓俊汽车服务有限公司）,13818650364,闵行区颛桥镇沪闵路3158号,07:50-18:00
上海市,上海,壳牌（上海市梓淼汽车厂）,02134686385,闵行区沪闵路3131弄243-244号,06:00-18:00
上海市,上海,小拇指（久富路店）,02160514293,松江区九亭镇久富路100号,09:00-18:00
上海市,上海,美孚（上海伟都汽车维修有限公司）,13585613135,闵行区伟都路235号,06:00-18:00
上海市,上海,车车翔（中春路店）,18221207760,闵行区申北路586-588号,08:00-19:00
上海市,上海,车车翔（春光路店）,02133581883,闵行区春光路168号,09:00-18:00
上海市,上海,阿坤汽车维修美容中心,13564742926,青浦区迮庵路277号,08:00-16:30
上海市,上海,永坤汽修厂,15713803623,闵行区都会路2736号,08:30-17:30
上海市,上海,马石油（鑫瑞汽配汽修）,13501665597,青浦区凤星路1695号,09:00-18:00
上海市,上海,马石油（隆鑫汽车专业维修）,15900533035,青浦区凤溪镇凤星路1697号2-3号,08:00-18:00
上海市,上海,高坡轮胎,13764142667,青浦区凤星路1595号,08:00-21:00
上海市,上海,劲锐车坊（虬泾路店）,02157850330,松江区九亭镇虬泾路673-675号,09:00-18:00
上海市,上海,德国马牌（百绩贸易）,16602126222,闵行区颛桥镇贵都路211号,09:00-18:00
上海市,上海,汽车1+2 （鹤祥路店）,18217427525,青浦区鹤祥路354号,09:00-18:00
上海市,上海,上海巢奈汽车服务有限公司,18217666682,青浦区诸陆西路230号,09:00-18:00
上海市,上海,鸿运来汽车服务中心,13564991610,青浦区白鹤镇鹤祥路138号,09:00-18:00
上海市,上海,喜韬汽车服务中心,13601891993,闵行区西环路381号（欣欣停车场内）,09:00-18:00
上海市,上海,启啸汽车服务,13122841521,奉贤区兰博路2776号,09:00-18:00
上海市,上海,金富力（车世界汽车维修）,18721731450,闵行区都会路2769号,07:40-20:00
上海市,上海,梦城汽车服务中心,18712372229,闵行区通海路439号,09:00-18:00
上海市,上海,上海梦城汽车修理厂,13621600575,闵行区通海路285号,06:00-18:00
上海市,上海,BTL汽车俱乐部,15618985936,闵行区曲吴路589号中国梦谷7A,10:00-22:00
上海市,上海,上海冠信汽车服务有限公司,13120978688,闵行区顾戴路3100弄39号,09:00-18:00
上海市,上海,CJ车捷汽车养护中心,15026599156,青浦区西胜路963号,07:30-22:00
上海市,上海,XP汽车美容俱乐部,18221078232,闵行区腾冲路61号,08:00-20:00
上海市,上海,车联万家（东奥汽车维修）,15341192711,闵行区腾冲路59号,09:00-18:00
上海市,上海,上海捷鲨维修有限公司,13681918342,青浦区双联路378号院内（羽毛球馆旁边）,08:00-18:30
上海市,上海,韦尔斯（海林汽车服务中心）,15821134828,闵行区龙吴路5268号（近放鹤路）,06:00-18:00
上海市,上海,奇瑞新能源（如恒汽车）,18217660753,松江区涞亭北路441号,08:00-17:30
上海市,上海,嘉实多（上海翔睿汽车服务）,13311778681,闵行区金都路1450号,08:00-19:00
上海市,上海,城市车保美容会所,19121315515,闵行区畹町路399号,08:30-21:00
上海市,上海,嘉实多（上海鑫静汽车服务有限公司）,18930557890,闵行区山花路86号,08:00-19:00
上海市,上海,宝帅钣喷汽车维修中心,17317323736,闵行区澄江路1276号,09:00-18:00
上海市,上海,禾田晟汽车生活馆,13386166399,青浦区新府中路1528弄6号,07:50-18:30
上海市,上海,邓禄普（上海鸿运汽车美容）,17521259334,青浦区纪鹤公路3287号,06:00-22:00
上海市,上海,上海安意汽车修理服务有限公司,13918975885,奉贤区川南奉公路9289号,09:00-18:00
上海市,上海,美车汇汽车维修美容中心,18001936566,闵行区七莘路3333弄6区19号,09:00-18:00
上海市,上海,实田车饰,02164069815,闵行区虹梅南路2638弄29号,09:00-18:00
上海市,上海,车驹汇汽车维修服务,18917984006,闵行区沪星路318号,09:00-18:00
上海市,上海,上海卉坤汽车配件销售中心,13764732632,青浦区华志路16号,09:00-18:00
上海市,上海,车车翔（奉贤店）,02157520528,奉贤区新奉公路4837号,08:00-18:00
上海市,上海,东晨汽车维修服务,17702102681,闵行区吴中路2768号,08:00-22:00
上海市,上海,德国马牌（闽车坊汽车用品店）,13661720668,闵行区吴中路2711号,09:00-18:00
上海市,上海,汉玛汽车服务中心,13816442845,青浦区新益路467号,06:00-22:00
上海市,上海,安齐汽车维修中心,13564130419,嘉定区曹安公路5490号,09:00-18:00
上海市,上海,上海驰修汽服（漕宝路店）,18751858830,闵行区漕宝路3299号（宝龙城新龙路西区入口 B1A区）,09:00-18:00
上海市,上海,优悦汽车维修,13916439632,嘉定区安亭镇曹安公路5516号,09:00-18:00
上海市,上海,马石油(上海泉旺汽服),13621840810,青浦区纪鹤路2289号,08:30-20:04
上海市,上海,嘉实多（上海罡晨佳亿汽车）,18049856482,青浦区华富街69-75号,09:00-18:00
上海市,上海,嘉实多（上海罡胜汽车服务有限公司）,13918379937,青浦区华新镇华富街69-75号,09:00-18:00
上海市,上海,邓禄普（旌骋汽车服务）,18917978368,青浦区华新镇华新街45号,09:00-18:00
上海市,上海,固特异（乐意汽车服务）,15821346978,闵行区七宝镇航南路546－548号,08:00-20:00
上海市,上海,澳造型汽车服务（闵建店）,15901743883,闵行区龙吴路3449号-双柏路口-加油站内,09:00-18:00
上海市,上海,卓泰汽车装潢养护中心,15000746244,浦东新区航南公路1018号,07:30-18:00
上海市,上海,腾飞汽车养护（华纪路店）,15502117009,青浦区 华新镇华纪路106号,07:00-19:30
上海市,上海,车霸汽车专业维修,15000329500,嘉定区安亭镇民丰路908号,07:00-19:00
上海市,上海,金吉星（巧洁汽车服务有限公司）,13636498760,闵行区浦江镇江园路872-874号,09:00-18:00
上海市,上海,德国马牌（上海羲杰服务有限公司）,13020160168,嘉定区昌吉路151弄21号,09:00-16:00
上海市,上海,德国马牌（昌吉路店）,02159570808,嘉定区安亭镇昌吉路156弄21号,09:00-17:33
上海市,上海,Umbrella汽车生活馆,18930076376,闵行区同乐路158号A座,09:00-18:00
上海市,上海,嘉实多（宝鑫汽车养护中心）,13761134525,嘉定区和静路988-2号,08:00-20:00
上海市,上海,柚紫养车（虹梅南路店）,02134127925,闵行区虹梅南路1009号,09:00-18:00
上海市,上海,德国力魔（上海宁悦汽车服务有限公司）,13661503397,嘉定区民丰路568号（9-13号）,08:00-19:00
上海市,上海,靓车堂汽车一站式服务,18964596644,嘉定区绿苑路380弄-1号,08:00-20:00
上海市,上海,马石油（上海鑫宇汽车服务中心）,15802122061,嘉定区绿苑路380弄1号,06:46-22:00
上海市,上海,倍耐力（雅歌汽车服务）,13321815810,闵行区漕宝路1555号(大上海国际花园内),07:30-19:00
上海市,上海,1车1库（工场店）,18501745433,闵行区兴达路228号,08:30-17:30
上海市,上海,友单汽修,13918319319,嘉定区安亭镇黄渡新黄路8号,09:00-18:00
上海市,上海,欧洲维修（凌度汽车）,15000680980,闵行区三达路85号103室,08:00-17:30
上海市,上海,道达尔（天辰汽车服务),13641664973,嘉定区曹安公路4589号,09:00-18:00
上海市,上海,鑫盛汽车一站式服务,18917059151,闵行区昌林路168号,08:00-20:00
上海市,上海,联胜汽车服务,18717806458,闵行区浦江镇浦连路278号,08:00-19:30
上海市,上海,德国马牌（安华君车行）,13402066863,徐汇区丹棱路68号,09:00-18:00
上海市,上海,ALL THE WAY汽车服务中心,18565250436,徐汇区上中西路135弄6号,08:30-18:30
上海市,上海,固特异（博阶爱车）,13585506892,浦东新区航头镇航鹤路139弄88号,08:00-20:00
上海市,上海,君达汽车服务中心（叶家桥路店）,13816881108,闵行区浦江镇叶家桥路173号,09:00-18:00
上海市,上海,上海驭名汽车销售服务有限公司,13636501951,闵行区华漕镇北翟路3386弄69号105-106栋,08:30-18:00
上海市,上海,喜车汇,18016297670,浦东新区航头路1677号,07:30-20:30
上海市,上海,嘉实多（上海炫艺）,18516652948,闵行区黄桦路456-458号,09:00-18:00
上海市,上海,傅林汽车服务,15921091450,闵行区北江榉路688弄3号楼129号,08:00-17:30
上海市,上海,美驰汽车服务（徐汇店）,15900807172,徐汇区嘉川路89号,09:00-18:00
上海市,上海,新达汽车装潢用品,18800390272,闵行区浦江镇江月路1500号3区309-313,09:00-18:00
上海市,上海,车车翔（吴中路店）,02164052089,闵行区吴中路1179号,08:00-18:00
上海市,上海,车车翔（航头店）,13331852575,浦东新区航头镇航头路1315号,07:00-20:00
上海市,上海,鹏飞汽车维修配件中心,13916958673,徐汇区罗成路993-995号,08:00-18:00
上海市,上海,柚紫养车（沪南公路店）,02168220625,浦东新区航头镇沪南公路5495号,09:00-18:00
上海市,上海,邓禄普（ 上海厚万汽车服务中心）,13818358058,嘉定区爱特路167号,09:00-18:00
上海市,上海,车杰汽车维修连锁(爱特路店),18717887167,嘉定区江桥镇爱特路157号,09:00-18:00
上海市,上海,胖子汽车修理美容俱乐部,13816164885,徐汇区龙川北路729号,08:00-20:00
上海市,上海,嘉实多（鹏余汽车服务）,13472632008,嘉定区金园一路1615号,09:00-18:00
上海市,上海,上海永畅汽车服务有限公司,13482496135,嘉定区星华公路621号,09:00-18:00
上海市,上海,大拇指专业汽修养护中心,18302172767,浦东新区航圆路1003号,07:30-19:00
上海市,上海,新速汽车服务,15221855741,徐汇区钦州北路925号,09:00-18:00
上海市,上海,元征汽车快修服务,13701677627,徐汇区龙吴路899号,07:00-19:00
上海市,上海,嘉实多（上海飒丰汽车技术服务）,13818667123,徐汇区桂林路750号,08:30-18:30
上海市,上海,嘉实多（坤迪汽修）,18621098106,嘉定区金园一路963号,08:30-19:00
上海市,上海,美孚（上海临新汽车快修有限公司）,18918395270,浦东新区彩云路729号,09:00-18:00
上海市,上海,挚友汽车综合服务部,13816979278,徐汇区三江路12号,08:00-19:30
上海市,上海,壳牌（项溢汽车服务）,18217209698,嘉定区倪家桥路48号,09:00-18:00
上海市,上海,城市车保(星空店),13716391230,长宁区虹桥路1665号(星空广场七楼停车场),09:00-20:30
上海市,上海,泽星汽车服务,17521506009,嘉定区曹安公路3333号,08:00-20:00
上海市,上海,儒安汽车维修有限公司,13585993232,嘉定区金园五路321号,08:30-18:30
上海市,上海,上海驰修汽服（新环西路店）,18916216245,浦东新区新场镇新环西路771号,09:00-18:00
上海市,上海,车车翔（和融路店）,13523132170,浦东新区和融路176号,09:00-18:00
上海市,上海,倍耐力(颂腾汽车服务有限公司),13386020806,长宁区新渔东路701号,08:00-18:00
上海市,上海,云飞汽车服务中心,13512142647,嘉定区管新路668号,06:00-22:00
上海市,上海,车卫士汽车维修养护中心,15121121812,嘉定区广由新村650弄,09:00-18:00
上海市,上海,嘉实多（云峰卡尔来弗汽车养护连锁）,18367372625,徐汇区龙水南路60号,06:30-20:00
上海市,上海,德国马牌（上海驰家汽车封浜店）,18917866695,嘉定区翔黄公路1090号,06:00-18:00
上海市,上海,华昊汽车服务站,13764347500,嘉定区吴杨东路413号,09:00-18:00
上海市,上海,俊安汽车养护中心,15502111121,嘉定区封浜镇翔黄公路1118号,09:00-18:00
上海市,上海,倍耐力（车岛汽车生活馆）,15026868517,浦东新区沪南公路7377号,07:33-20:44
上海市,上海,普利司通（阿建汽车）,13636323281,普陀区香樟路128号,08:00-19:00
上海市,上海,壳牌（ 乐诚汽车服务）,15216802143,嘉定区华江路356号,08:30-22:01
上海市,上海,玛吉斯（车美洁汽车服务中心）,13122004119,浦东新区长清路2059号,07:00-19:00
上海市,上海,车车翔（灵岩南路店）,18621676637,浦东新区灵岩南路1519号,09:00-18:00
上海市,上海,柚紫养车（秋雨路店）,02158080871,浦东新区秋雨路585弄10号,09:00-18:00
上海市,上海,车联万家（华江路店）,13564672944,嘉定区华江路220号,09:00-18:00
上海市,上海,友鑫汽修服务中心,18721578552,嘉定区嘉松北路430号,09:00-18:00
上海市,上海,上海驰顷汽车服务,13641825523,嘉定区嘉松北路346号冈峰新苑旁边,07:00-23:00
上海市,上海,宽途汽车（佰晟汽车服务有限公司）,13701758235,嘉定区金沙江路3168-2号,08:00-17:00
上海市,上海,壳牌（上海慧翔汽车美容）,15300588206,嘉定区胜辛南路855号,08:00-19:00
上海市,上海,金富力（芸尧汽修）,15000915022,闵行区立跃路777号院内修车,08:00-21:00
上海市,上海,小王汽车机修美容,15001918969,浦东新区泥城镇人民村高桥210号,07:30-19:00
上海市,上海,统一（九梓汽车服务有限公司）,13564268819,嘉定区翔黄公路321号,09:00-18:00
上海市,上海,韩泰轮胎(鑫骊德汽车),13818539242,普陀区花家浜路422号,07:00-20:00
上海市,上海,邓禄普（二龙汽车轮胎销售中心）,13818193395,嘉定区海蓝路155号,09:00-18:00
上海市,上海,小拇指（晓峰汽修）,15202118460,浦东新区泥城镇大泥公路3588号,08:00-17:00
上海市,上海,邓禄普（驿星汽车服务有限公司）,17621476471,嘉定区曹安路2300弄91号,08:00-21:30
上海市,上海,嘉实多（上海杨林汽车服务站）,15618666162,浦东新区灵岩南路357号,08:00-21:00
上海市,上海,新东海汽车服务,13120882380,嘉定区沪宜公路653号,06:00-18:00
上海市,上海,壳牌（上海翔峰汽车服务有限公司）,18917058029,嘉定区沪宜公路827号,08:00-18:30
上海市,上海,龙美汽车美容洗车,13761621517,嘉定区曹安公路2098号135室,06:00-18:00
上海市,上海,驰家汽车养护,13524857455,嘉定区双单路1509弄龙湖郦城西区地下车库259幢615-620,06:00-18:00
上海市,上海,安耐特(CF汽车养护中心),15000890842,嘉定区胜辛南路1859号,08:00-20:00
上海市,上海,壳牌（新东海一站式汽车服务）,13671570407,嘉定区惠亚路118弄18号,09:00-18:00
上海市,上海,翔升汽车美容养护中心,15207275566,浦东新区周浦镇沈梅东路275号哈里邻3号地下停车场,08:19-21:30
上海市,上海,车知音汽车装潢美容护理中心,18217769687,嘉定区宝安公路3799号24栋14号,07:30-21:00
上海市,上海,勇享车（斜土路店）,13381668567,徐汇区斜土路1995号（家乐福地下停车库）,09:00-19:00
上海市,上海,美孚（赫福汽车维修服务有限公司·）,13166460778,嘉定区南翔镇沪宜公路325号,08:00-18:00
上海市,上海,固特异（上海汨晨汽车）,13818352379,嘉定区铜川路2687号,09:00-18:00
上海市,上海,邓禄普（上海车致汽车服务连锁）,17301632065,浦东新区沪南公路3468弄2支弄27号,08:00-22:00
上海市,上海,焱娜汽车服务,13162333331,嘉定区金鼎路2436号,09:00-18:00
上海市,上海,璨华汽修（海阳路店）,17521286320,浦东新区三林镇海阳路1165号,08:00-22:00
上海市,上海,靓琦快修装潢,15000646283,嘉定区合作路688号,08:00-18:00
上海市,上海,嘉实多（新荣创汽车维修服务）,17317736263,嘉定区云屏路1660号,08:00-18:00
上海市,上海,欧洲维修（福驰汽修）,13661655507,浦东新区尚博路749-753号,09:00-18:00
上海市,上海,京车会（上海翊兴汽车服务有限公司）,13636511162,浦东新区沪南公路3196号,08:30-19:00
上海市,上海,嘉实多(上海挑米汽车服务),18917561653,普陀区金通路1360号,08:00-17:00
上海市,上海,嘉实多（上海德卫汽车技术服务有限公司）,13761095381,浦东新区德州路88号（近洪山路）,08:30-18:00
上海市,上海,柚紫养车（洪德路店）,02159118029,嘉定区洪德路1159号,09:00-18:00
上海市,上海,邓禄普（鑫檀汽车技术有限公司）,17302135609,浦东新区宣桥镇汇成路1777号,09:00-18:00
上海市,上海,美孚（上海闽坤汽车服务有限公司）,18939941852,浦东新区云台路553-555号,09:00-18:00
上海市,上海,嘉实多（新荣创汽车服务连锁）,18616954435,嘉定区马陆镇马陆村育英街531号,08:00-19:00
上海市,上海,倍耐力（唯美汽车经营装潢部）,15900454705,浦东新区宣桥镇宣黄公路153号,06:30-19:00
上海市,上海,帝品汽车美容店,13524713862,浦东新区宣黄公路360号,07:30-19:00
上海市,上海,勇享车（打浦桥店）,15821639313,黄浦区打浦路660号（绿地缤纷城地下停车库b2）,09:00-19:00
上海市,上海,上海盟匠汽车服务有限公司,13301835290,浦东新区新瀚路20号,08:00-18:00
上海市,上海,嘉实多（巧之匠汽车维修服务）,13301753751,浦东新区申江南路4888号4幢105号,08:00-18:00
上海市,上海,邓禄普（上海尚名汽车服务有限公司）,13636443317,浦东新区沪南路8749号,08:00-18:00
上海市,上海,玛吉斯(驰家汽车),15601605313,普陀区白丽路676号,06:00-18:00
上海市,上海,勇享车（齐河路店）,15021243393,浦东新区齐河路258号（沃尔玛超市四楼停车场）,09:00-18:00
上海市,上海,靓车坊（飞德勒轮胎）,18217688123,黄浦区中山南一路802号,08:00-19:00
上海市,上海,申世汽车,15692197262,浦东新区周东路681号,08:00-18:00
上海市,上海,1车1库（川周公路店）,15900712950,浦东新区川周公路4175号,09:00-18:00
上海市,上海,壳牌（烁金汽车服务）,13918215418,嘉定区沪宜公路2488号,08:00-19:30
上海市,上海,壳牌（快洁汽车服务有限公司）,02150776007,浦东新区浦三路1515号,07:30-18:40
上海市,上海,壳牌喜力（上海佳佩汽车服务有限公司）,18221121145,嘉定区福海路726号,08:00-18:00
上海市,上海,上海宇诺汽车修理厂,13916604997,普陀区真陈路155号,07:00-20:00
上海市,上海,上海涛宝汽车服务有限公司,13916326748,普陀区真陈路39号乙,08:30-17:30
上海市,上海,美孚（上海腾宇汽车维修服务）,13918809682,浦东新区东书房路80号,08:00-18:00
上海市,上海,万力（小王汽车装潢服务中心）,13818897145,嘉定区马陆嘉新公路1370号,06:00-18:00
上海市,上海,金宇（小王美容装潢快修服务中心）,18701828246,嘉定区嘉定公路1278号,09:00-18:00
上海市,上海,迈德先生,18049733597,浦东新区高科西路988号,09:00-18:00
上海市,上海,法路（博斯卡汽车服务）,13162742279,浦东新区环湖西三路63号105室,08:00-18:00
上海市,上海,钢钢汽车服务站,13818084398,浦东新区杨莲路锦绣路3891号,09:00-18:00
上海市,上海,车博士汽车养护中心,18721255450,浦东新区浦东新区茂盛路138号,09:00-18:00
上海市,上海,智捷汽车养护中心,17321090602,嘉定区彭封路138号,09:00-18:00
上海市,上海,车车翔（康桥路店）,18017839941,浦东新区康桥路1200号（近御青路）,07:00-20:00
上海市,上海,凯实通汽车精护中心（嘉定店）,17321358330,嘉定区沪宜公路3213号,08:00-18:00
上海市,上海,固特异（好迪雅汽车服务中心）,18321860758,浦东新区临沂路180号,08:00-18:00
上海市,上海,上海驰修汽服（北蔡宜家店）,18930705789,浦东新区临御路550号B1停车场内E3区,10:00-20:00
上海市,上海,豫捷汽修美容中心,15902193427,嘉定区彭封路108号,08:00-19:00
上海市,上海,上海骋州汽车服务有限公司,02158000090,浦东新区惠南镇听潮南路321弄1号,08:00-19:00
上海市,上海,车车翔（城银路店）,18616954577,宝山区城银路700号,09:00-18:00
上海市,上海,上海摩旋汽车服务有限公司,13916334356,浦东新区御衡路118-120号,09:00-18:00
上海市,上海,上海住睿汽车租赁有限公司,18818111893,黄浦区柳市路99号,07:00-22:00
上海市,上海,车车翔（临沂路店）,15618505055,浦东新区临沂路47号,08:00-18:00
上海市,上海,义程汽车服务,13524734921,浦东新区御衡路230号,09:00-18:00
上海市,上海,上海好达雅汽车技术服务有限公司,18701976058,浦东新区临沂路47-51号,08:00-20:00
上海市,上海,卓越汽车服务中心（御衡店）,13472892500,浦东新区御衡路56号,09:00-18:00
上海市,上海,勇享车(城中路店),15026799075,嘉定区城中路138号（罗宾森购物广场B2),09:00-21:00
上海市,上海,靓车洁汽车美容连锁机构,13801932026,浦东新区惠南镇沪南公路9851号,08:30-17:30
上海市,上海,润达汽修,15221895960,嘉定区浏翔公路2001号,09:00-18:00
上海市,上海,花生养车（惠南店）,15317216841,浦东新区听悦路345号,08:00-19:00
上海市,上海,A+便民洗车工作室（北蔡51生活广场店）,18221823721,浦东新区北中路160号（地下停车场负二层）,09:00-19:00
上海市,上海,朗越汽车美容装潢,15921314873,浦东新区塘桥路320号,09:00-18:00
上海市,上海,车车翔(城南路店),18101803110,浦东新区惠南镇城南路230号,08:00-17:00
上海市,上海,韩泰（荣爵汽车用品）,18321803267,浦东新区广衍路16号,07:30-18:00
上海市,上海,美孚（阿贵汽车维修）,18601759392,浦东新区宣桥镇亦园路74弄42号,07:00-19:00
上海市,上海,爱车邦,18221373966,浦东新区东绣路999弄9号（近东建路）,09:00-18:00
上海市,上海,德国福斯（驰洪汽车服务）,15221403009,嘉定区澄浏中路2483号,08:00-19:00
上海市,上海,勇享车（杨高南路店）,13761251378,浦东新区杨高南路1126-1128号（卜蜂莲花超市地下车库）,09:00-21:00
上海市,上海,韦纳奇（车源汽车维修服务中心）,13761455651,嘉定区仓场路55弄81号,09:00-18:00
上海市,上海,质缘汽车服务有限公司,13162756868,浦东新区浦东南路1756号,09:00-18:00
上海市,上海,车丽坊汽车服务中心,15000916628,嘉定区仓场路39号,09:00-18:00
上海市,上海,1车1库（康锦路店）,18856445698,浦东新区康锦路32-42号,09:00-18:00
上海市,上海,嘉实多（上海盟昱汽车维修）,18616099851,嘉定区棋盘路775号,08:00-19:00
上海市,上海,爱座驾汽车养护专家（七浦路店）,15316666096,虹口区七浦路133号（兴旺服饰城B2）,08:00-19:00
上海市,上海,固特异（洛川中路店）,13916340899,静安区洛川中路810号,08:00-18:00
上海市,上海,云和汽车装潢,18017479716,嘉定区嘉罗公路1305号（东门加油站对面）,06:00-18:00
上海市,上海,爱座驾（汶水路店）,15618282097,静安区汶水路1555号（红星美凯龙地下一层）,09:00-18:00
上海市,上海,车享家（江场西路店）,02166980023,宝山区江场西路1677号,08:40-17:30
上海市,上海,车来车往汽车美容会所（嘉罗店）,18221830001,嘉定区嘉罗公路1462—1464号,08:00-19:00
上海市,上海,共明汽修,13601846582,嘉定区澄浏中路3622号,08:00-18:00
上海市,上海,车车翔（靚钦坊城南路店）,18917865590,浦东新区惠南镇城南路948-956号,09:00-18:00
上海市,上海,邓禄普(恒信汽车养护中心),13482185308,宝山区菊太路1439-1441号（好日子大家园D区隔壁）,06:00-18:00
上海市,上海,车饰界汽车养护中心,15026596311,浦东新区惠南镇城南路1077号,09:00-18:00
上海市,上海,玛吉斯（上海修慈汽车修理）,13311920827,嘉定区嘉罗公路1455号,08:00-19:30
上海市,上海,智车行快修连锁（曲丹修理厂）,15000429209,浦东新区惠南镇城南路1362号,09:00-18:00
上海市,上海,合能(风翼汽车服务),13564095357,宝山区锦秋路695弄40号,08:00-17:00
上海市,上海,良骑汽车服务（花木店）,13122981298,浦东新区海桐路338号（世纪联华停车场）,08:30-19:00
上海市,上海,壳牌（意诚汽配商行）,13370080088,虹口区华昌路174-176号,09:00-18:00
上海市,上海,车车翔（芳华路店）,02158826226,浦东新区芳华路1012号,09:00-18:00
上海市,上海,倍耐力（上海杰锐汽车修理）,13621880686,静安区平型关路712-718号,08:00-18:00
上海市,上海,车车翔（银霄路店）,15000301081,浦东新区银霄路276号,08:00-18:00
上海市,上海,威狮轮胎(佳佩汽车服务),15000683268,宝山区菊太路1183号,08:00-18:30
上海市,上海,美孚（轩驰汽修连锁）,13761237712,浦东新区书院镇船山街148号,08:00-19:00
上海市,上海,益鸣汽修连锁（拱北路店）,13965508499,浦东新区惠南镇拱北路539-541号,09:00-18:00
上海市,上海,米其林（上海惠固汽配有限公司）,02120790086,浦东新区惠南镇拱北路511-517号,09:00-18:00
上海市,上海,英飞润滑油（小解汽车维修中心）,13002195163,浦东新区惠南镇拱极路2269号,08:00-18:00
上海市,上海,上海皇家汽车俱乐部,13901886920,虹口区水电路75号,09:00-18:00
上海市,上海,素宏汽车美容,13661480178,浦东新区海科路777号,09:00-18:00
上海市,上海,嘉实多（上海闽伟汽车修理有限公司）,02160953036,浦东新区康桥东路1369号c栋101-106,08:00-18:00
上海市,上海,丽美汽车装饰,13524093770,静安区共和新路3228号（百安居停车场）靠近江场路,08:30-17:30
上海市,上海,嘉实多（熠彩汽车修理）,15216772826,虹口区岳州路367号,07:00-21:00
上海市,上海,尚车汇汽车工作室,13661502962,浦东新区惠南镇拱乐路856号,09:00-18:00
上海市,上海,马石油（德立汽车养护中心),13524835693,浦东新区惠南镇拱北路653号,09:00-18:00
上海市,上海,普利司通（小李轮胎服务中心）,13524743918,浦东新区川南奉公路5800号（下盐路南祝路加油站附近）,07:00-19:00
上海市,上海,KMC汽车美容养护中心,18621300850,宝山区顾太路30号,08:00-19:00
上海市,上海,轼马车生活馆,18964075998,杨浦区扬州路306号,09:00-18:00
上海市,上海,美孚（上海天吉汽配维修中心）,15618665068,浦东新区巨野路168-170号（栖山路口）,06:00-18:00
上海市,上海,恒扬汽车修理有限公司,15921855920,浦东新区川周路5655号,09:00-18:00
上海市,上海,嘉实多(上海柯尔汽车修理有限公司),15000598779,杨浦区周家嘴路2067号,09:00-18:00
上海市,上海,德国马牌（汶水东路店）,13817317982,虹口区汶水东路283号,08:30-19:00
上海市,上海,百世德（晟谦实业有限公司）,13801753674,虹口区场中路1003号,08:00-20:00
上海市,上海,净轩汽车服务,13816458068,虹口区奎照路427号,08:00-18:30
上海市,上海,大蜂车汽车养护中心（张江店）,13816046158,浦东新区华益路76号,08:30-18:00
上海市,上海,腾越汽车美容服务中心,17301828884,浦东新区张江路1278号（恒越大厦停车场内）,08:00-22:00
上海市,上海,魏风汽车服务,13651822669,浦东新区祝桥镇川南奉公路5552号,08:00-20:00
上海市,上海,朋兴汽车服务中心,18221116191,宝山区宝安公路教育路528号,08:00-18:00
上海市,上海,浩浩汽车俱乐部,18019233751,虹口区车站北路67号,09:00-18:00
上海市,上海,车服联盟（场北路店）,18616581743,宝山区场北路108-110号,09:00-18:00
上海市,上海,车车翔（德平总店）,02168562018,浦东新区德平路1217号（近杨高中路）,08:00-18:00
上海市,上海,轩阳汽车养护中心,02150330695,浦东新区德平路1128号,08:00-18:00
上海市,上海,兄弟车行,13788928517,浦东新区盛夏路1133号,08:00-20:00
上海市,上海,建铭车饰,13361815919,杨浦区国权后路5号,09:00-18:00
上海市,上海,车无敌汽车美容会所,18001839690,杨浦区控江路1437号,08:00-20:00
上海市,上海,一晨汽车服务,15021330360,浦东新区祝桥镇天竹路1号,07:00-19:00
上海市,上海,车之友汽车服务,15221316461,宝山区联谊路407号,09:00-18:00
上海市,上海,美孚（徐创汽车服务）,15317899903,嘉定区曹新公路1489号,08:00-18:38
上海市,上海,上海悦鑫汽车专项修理有限公司,13651854729,杨浦区国权路93-2号,08:00-19:00
上海市,上海,上汽大众(申荣汽车销售有限公司),18221283282,杨浦区宁武路10号,08:30-17:30
上海市,上海,靓车洁汽车美容连锁机构,13301619611,宝山区联泰路403-～405,08:00-21:00
上海市,上海,A+汽车养护大师（龙之加快修连锁）,15059980808,杨浦区双阳支路22-4号,08:00-17:40
上海市,上海,爱车一族（永吉店）,15221329380,杨浦区永吉路280号,09:00-18:00
上海市,上海,固特异（悠悦汽车服务）,18521312308,宝山区恒高路150号,08:00-20:00
上海市,上海,嘉实多（酷杰汽车服务）,13916547436,杨浦区辽源东路62-66号,08:00-18:00
上海市,上海,车车翔（云山路店）,02158503861,浦东新区云山路600号,09:00-18:00
上海市,上海,安捷通（金桥店）,17740871884,浦东新区金桥路2622弄59号,08:30-17:30
上海市,上海,邓禄普（上海沪辰汽车服务有限公司）,13661762633,宝山区红林路557号,09:00-18:00
上海市,上海,上海欣滢汽车维护中心,13611964676,宝山区罗店镇罗太路570号,08:00-20:00
上海市,上海,嘉实多（上海播波汽车美容装潢）,13764033875,宝山区月罗路2375号,06:00-18:00
上海市,上海,壳牌（尼尔森汽车美容中心）,13764212011,浦东新区金桥路2346号,06:00-18:00
上海市,上海,车车翔（栖山路店）,13816510672,浦东新区栖山路1855号,09:00-18:00
上海市,上海,上海小胖子洗车,18602173881,宝山区虎林路611号,07:00-19:00
上海市,上海,锦湖（亿聚德汽配）,15000918678,宝山区通南路486-488号,08:00-18:00
上海市,上海,联合意顿（今扬汽车服务）,13918554291,嘉定区浏翔公路6830号,09:00-18:00
上海市,上海,驰美汽车美容,13661765600,浦东新区川沙妙境路1136弄36号家乐福一楼停车场,09:00-18:00
上海市,上海,美孚（爱尚车汽车俱乐部）,15800874102,宝山区通南路247号,08:00-18:30
上海市,上海,德国马牌（车唯美汽车服务）,18621521630,宝山区罗店镇市一路35号（震旦学院对面）,09:00-18:00
上海市,上海,宇轲汽车美容中心,13818540480,杨浦区国安路440号保辉国际大厦D座B1层停车场,09:00-19:00
上海市,上海,1号车站汽车服务,18721538979,宝山区红林路34号,08:30-19:30
上海市,上海,引能仕（战勇汽车服务有限公司）,18616100757,浦东新区川沙镇城丰路366号,08:00-18:00
上海市,上海,佳雨汽车生活馆（远航路店）,18964818129,浦东新区远航路192号,09:00-18:00
上海市,上海,嘉实多（上海鑫车禧汽车服务有限公司）,18019052598,宝山区抚远路1868号,08:00-18:00
上海市,上海,上海九菱汽车修理有限公司,15800961198,宝山区呼兰路157号,08:30-17:30
上海市,上海,车车翔（华夏二路店）,13052227500,浦东新区华夏二路531-537号,09:00-18:00
上海市,上海,美孚（上海星晨汽车维修服务）,17317691685,浦东新区春泉路166号,08:00-18:00
上海市,上海,车车翔（平度路店）,18017812902,浦东新区平度路108-110号（近金杨路）,09:00-18:00
上海市,上海,柚紫养车（安波路店）,02165675860,杨浦区安波路533弄3号楼102室,09:00-18:00
上海市,上海,龙韵汽车连锁,02133821001,浦东新区华夏三路89号,08:00-18:00
上海市,上海,固特异（永诚汽修）,13661638509,浦东新区张杨北路479-485号,08:00-18:00
上海市,上海,飓速汽车养护,18301739279,宝山区何家湾路50号,08:00-19:00
上海市,上海,尔东汽车服务,13761846535,浦东新区新德路1089号,07:00-21:00
上海市,上海,柚紫养车(长江西路店）,02166181975,宝山区长江西路581弄10号,09:00-18:00
上海市,上海,囍力宝,13918007476,宝山区长江南路996号,08:30-19:00
上海市,上海,壳牌（车杰汽修连锁）,02165271023,杨浦区国和路627号,09:00-18:00
上海市,上海,凯邦高级汽车,15000823985,杨浦区国和路629号,08:00-18:00
上海市,上海,车车翔（新德路店）,02158906798,浦东新区川沙镇新德路855号,08:00-19:30
上海市,上海,宜林汽车养护中心,18717819782,浦东新区川沙镇青厦路157-159号,08:00-19:00
上海市,上海,名雅汽车美容中心,15316365828,浦东新区浦东大道2946号,08:00-19:00
上海市,上海,佳雨汽车生活馆,18964818129,浦东新区机场镇川南奉公路3727号近航城5路,08:00-18:00
上海市,上海,车车翔（民庆路店）,18001726778,杨浦区民庆路350-356号,09:00-20:00
上海市,上海,嘉实多（华胤汽车服务）,18801635838,杨浦区国和路846号,09:00-18:00
上海市,上海,上海驰修汽服（硕川路店）,15901866313,浦东新区硕川路137号,09:00-18:00
上海市,上海,车车翔（淞南路店）,18918193763,宝山区淞南路22-24号（近长逸路）,08:00-19:00
上海市,上海,万翼汽车（共青路店）,13120782668,杨浦区共青路496号,07:30-19:30
上海市,上海,车车翔（金豫路店）,18964618320,浦东新区金豫路100号,09:00-18:00
上海市,上海,车联万家（车盈家汽车服务）,13061888060,浦东新区浦东大道3106号,07:30-20:00
上海市,上海,詹师傅钣喷中心,13381666868,浦东新区浦东大道3106号,08:00-20:00
上海市,上海,飞劲（上海少雄汽车服务有限公司）,13501746313,宝山区杨鑫路104号,09:00-18:00
上海市,上海,中意汽车维修,15821400825,浦东新区东波路25号,09:00-18:00
上海市,上海,邓禄普（上海朋友汽车装潢服务有限公司）,13801827749,宝山区杨鑫路47号,07:30-20:00
上海市,上海,锦蓝汽车维修有限公司,13918082797,浦东新区祝桥镇川南奉公路2885号3幢1层,08:00-19:00
上海市,上海,道达尔（明明汽车一站式服务中心）,13386159378,浦东新区东陆路666号,09:00-18:00
上海市,上海,卡来尔快修连锁养护站,13816552765,浦东新区金桥镇金高路2058号,08:00-19:00
上海市,上海,明明汽修,13391281501,浦东新区东陆路1071号,08:00-18:00
上海市,上海,车莱好汽车用品超市,13636639301,宝山区盘古路2618弄,09:00-18:00
上海市,上海,快可丽汽车服务中心,02158928201,浦东新区新德路256号,09:00-18:00
上海市,上海,德国马牌(车杰快修),15201883715,杨浦区民星路186号,08:00-18:30
上海市,上海,上海安庆汽车维修中心,17321349444,宝山区长发路飞黄路路口,07:00-22:00
上海市,上海,豪车饰汽车养护中心（建业路店）,18616368003,浦东新区建业路582号,07:00-19:30
上海市,上海,壳牌（新杰汽车服务中心）,13122692821,宝山区逸仙路3718号-a5,08:00-21:00
上海市,上海,嘉实多（上海宇轲汽车服务有限公司）,13611656928,杨浦区国伟路162-164号,08:00-19:00
上海市,上海,龙蟠（奕车星汽车养护）,15062692816,宝山区罗泾镇长虹路794号,08:00-18:00
上海市,上海,中华（ 靓晶汽车养护中心长虹路店）,17521556313,宝山区长虹路811号,09:00-18:00
上海市,上海,韦尔斯(车乾汽车服务有限公司),15921699802,宝山区蕰川路3915-南1号,08:00-18:00
上海市,上海,车车翔（东亭路店）,02168780818,浦东新区东亭路365号,09:00-18:00
上海市,上海,华东汽车服务中心,13916952141,浦东新区双桥路918号,09:00-18:00
上海市,上海,柚紫养车（源华路店）,02150873929,浦东新区高行镇源华路488号,09:00-18:00
上海市,上海,源华汽车服务中心,13818042920,浦东新区源华路512号,08:00-21:01
上海市,上海,欧洲维修（博星汽修）,13917177591,宝山区水产路1439号,08:30-17:30
上海市,上海,金吉星（上海宝笛汽修）,18917135369,宝山区友谊路1500号国际汽配城17栋108-110,09:00-18:00
上海市,上海,欧洲维修（立晨汽车）,18939950367,浦东新区金高路200号,08:30-18:00
上海市,上海,邓禄普（小赵轮胎汽修店）,18221383382,宝山区月罗公路120号,08:00-20:00
上海市,上海,通顺汽车维修养护中心（金高路店）,02150430388,浦东新区金高路98号,09:00-18:00
上海市,上海,上海启帆汽车维修服务,13370021810,浦东新区启帆路265号,09:00-18:00
上海市,上海,知车汇(方甸汽车服务),18516606298,宝山区水产路1175号,08:00-21:00
上海市,上海,柚紫养车（同泰北路店）,17891973742,宝山区同泰北路191号,09:00-18:00
上海市,上海,幸福小镇洗车行,15216867089,浦东新区俱进路285弄幸福小镇142单元旁边91号地下室,09:00-18:00
上海市,上海,美迅（车志捷汽车维修站）,13564349775,浦东新区东靖路2596号,09:00-18:00
上海市,上海,上海奥鹏汽车服务有限公司,13611666296,宝山区蕴川路5411号,07:30-21:00
上海市,上海,GXJ名车汇,13162628807,浦东新区富特南路301号,09:00-17:30
上海市,上海,壳牌（智渊汽车服务）,15021045788,浦东新区高桥镇行南路561号,07:45-21:30
上海市,上海,嘉实多（志宏汽车美容养护有限公司）,15900592879,浦东新区高荷路255号,08:00-20:00
上海市,上海,CPC汽车养护中心,15238382242,浦东新区大同路970--978号,08:00-20:00
上海市,上海,玛吉斯（友宇玛吉斯服务）,13816354681,宝山区盛桥石太路80号,06:00-18:00
上海市,上海,新宝垄车业服务,15021291980,宝山区密山路688号,07:00-21:00
上海市,上海,佳通（龙腾汽车维修中心）,15221512381,浦东新区民春路251号,07:30-20:30
上海市,上海,车车翔（川沙路店）,13901676529,浦东新区川沙路1139-1145号,08:00-18:00
上海市,上海,万力轮胎（泰翔汽车维修）,13764646782,浦东新区高桥镇花山路32-34号,09:00-18:00
上海市,上海,立可靓专业汽车美容装潢养护,13795450076,浦东新区高桥镇大同路826-832号,06:00-20:00
上海市,上海,车美佳汽车服务,13918943410,浦东新区高桥镇花山路51号,09:00-18:00
上海市,上海,明亮汽车服务部,13817215309,浦东新区高桥花山路201号,09:00-18:00
上海市,上海,纵横轿车,4008215075,浦东新区上川路1515号,09:00-18:00
上海市,上海,飞德勒（上海飞威汽车服务有限公司）,13341831807,浦东新区高桥春阳路83号,08:00-18:00
上海市,上海,集车号（富特北路店）,17839022633,浦东新区外高桥自由贸易试验区富特北路501号,08:30-18:00
上海市,上海,卡耐尔汽车美容连锁（花山路店）,13482041455,浦东新区高桥镇花山路956号,09:00-18:00
上海市,上海,美孚（上海浩源汽修）,18616980049,浦东新区小园浜路127号,08:00-20:00
上海市,上海,上海宝运汽车销售维修中心,13818854468,浦东新区东川公路3358号,06:00-18:00
上海市,上海,柚紫养车（崇明店）,02166856686,崇明区长兴岛凤西路166号,09:00-18:00
上海市,上海,车胜汽车美容装潢,18019461031,崇明区城桥镇西门村545号,09:00-18:00
上海市,上海,旺仕玖汽车超市,02169611549,崇明区三沙洪路93号,08:00-17:00
上海市,上海,君宝汽车美容装潢服务站,18917157601,崇明区城桥镇三沙洪路17号,09:00-18:00
上海市,上海,壳牌（车霸汽车美容快修）,18019328856,崇明区城桥镇三沙洪路131号,09:00-18:00
上海市,上海,雪亮汽车装潢,13681923648,崇明区江山路1654号,09:00-18:00
上海市,上海,华业汽车装潢部,18621904770,崇明区城桥镇湄洲路1255号,07:30-17:00
上海市,上海,车满堂一站式汽车服务中心,17317372123,崇明区新中路766号,09:00-18:00
上海市,上海,车先生一站式服务中心,15900877280,崇明区堡镇工农路117号,09:00-18:00
上海市,上海,广岛汽车美容养护,13023229020,崇明区堡镇大通路405号（中石化加油站正对面）,09:00-18:00
上海市,上海,驰耐普汽车美容装璜,13661478971,崇明区大通路428号,09:00-18:00
上海市,上海,车意美容装潢,13761324751,崇明区港沿公路1004号11幢1109室,09:00-18:00
上海市,上海,狼鹰(轮胎专卖店）,15901999110,崇明区陈家镇陈彷公路256号,06:00-18:00
上海市,上海,长城（上海寅丰汽车服务有限公司）,13122414794,崇明区中兴镇汲滨村大公346号,09:00-18:00
上海市,上海,大拇指汽车美容装潢,15157311305,崇明区陈家镇北陈公路102号,09:00-18:00
上海市,上海,上海寅佳汽车服务有限公司,13122414794,崇明区陈家镇裕安村740号,07:30-17:00
