6997,广东,白云区,江高镇神山商华路自编19号,胡德超,睿志汽车服务中心,13450386934,{'普通洗车': 35.0, '去污打蜡': 160.0, '水晶打蜡': 180.0, '抛光打蜡': 320.0, '内饰干洗': 280.0, '保养工时费+普通机油格': 450.0, '臭氧消毒': 100.0}
7346,广东,白云区,江高镇商华路1010号,胡明洲,车路宝汽车服务有限公司,15813334800,{'普通洗车': 35.0, '去污打蜡': 180.0, '水晶打蜡': 200.0, '抛光打蜡': 320.0, '内饰干洗': 260.0, '臭氧消毒': 80.0, '保养工时费+普通机油格': 100.0}
7352,广东,白云区,江高镇神山商华路1091号,梁志钢,宝利汽车服务部,15920150268,{'普通洗车': 30.0, '去污打蜡': 180.0, '水晶打蜡': 200.0, '抛光打蜡': 350.0, '内饰干洗': 350.0, '臭氧消毒': 60.0, '保养工时费+普通机油格': 100.0}
1687,广东,花都区,花都区狮岭镇金狮大道东自编5-6号,王剑,盛源汽车美容维修中心,18728603011,{'普通洗车': 30.0, '去污打蜡': 180.0, '水晶打蜡': 240.0, '抛光打蜡': 420.0, '内饰干洗': 320.0, '臭氧消毒': 120.0, '空调清洗除菌': 120.0}
1117,广东,花都区,花都区雅瑶中路12号,张生,畅通佳汽车维修厂（雅瑶店）,020-86164933,{'普通洗车': 30.0, '水晶打蜡': 200.0, '内饰干洗': 300.0, '抛光打蜡': 388.0, '划痕喷漆(国产普通漆）': 350.0}
5359,广东,花都区,永利路豪利花园西门侧,张石头,车道社区车务中心（豪利店）,18927586570,{'普通洗车': 35.0, '水晶打蜡': 200.0, '去污打蜡': 160.0}
820,广东,花都区,花都区镜湖大道8号（即国光工业园9号门旁）,何小玲,中通汽车维修厂,15975431544,{'普通洗车': 50.0, '水晶打蜡': 240.0, '臭氧消毒': 120.0, '划痕喷漆(国产普通漆）': 350.0, '昆仑机油保养工时费': 150.0}
1535,广东,花都区,花都区新雅街镜湖大道8号整套,何小玲,BOSS名车体验馆,15975431544,{'普通洗车': 50.0, '水晶打蜡': 240.0, '臭氧消毒': 120.0, '划痕喷漆(国产普通漆）': 400.0}
5672,广东,白云区,白云区夏花二路唐阁村,吴国玲,鹏程汽车美容维修服务中心,18344191123,{'普通洗车': 30.0}
6148,广东,花都区,大华村大华新村B区68号,李张宏,名车精英会,13437831615,{'普通洗车': 35.0}
1822,广东,花都区,广州市花都区商业大道与新华路交界处横钊庄楼一层,胡国君,美卡会汽车美容养护会所,13265386228,{'普通洗车': 40.0, '水晶打蜡': 188.0, '抛光打蜡': 368.0, '内饰干洗': 258.0, '臭氧消毒': 88.0}
452,广东,花都区,新华云山路与天贵路交界处,陈志龙,车淘汽车维修中心,13926212429,{'普通洗车': 40.0, '水晶打蜡': 200.0}
4948,广东,白云区,人和镇人三路1007号（鸦湖公园）,张清中,车德龙汽车美容会所,13710113610,{'普通洗车': 30.0, '水晶打蜡': 168.0, '去污打蜡': 218.0, '抛光打蜡': 428.0, '内饰干洗': 288.0, '空调清洗除菌': 288.0}
6549,广东,花都区,新华街天贵路73号,卢静,小提琴汽车维修美容连锁店（天贵店）,13543433319,{'普通洗车': 30.0}
6301,广东,花都区,荔红北路7号,胡宏达,黑曼巴汽车美容店,17666556999,{'普通洗车': 40.0, '划痕喷漆(国产普通漆）': 300.0}
4303,广东,花都区,三华路6-8号,谢祝清,广州雅途汽车维修有限公司,13760809833,{'水晶打蜡': 240.0, '去污打蜡': 180.0, '臭氧消毒': 80.0, '抛光打蜡': 400.0, '内饰干洗': 380.0, '空调清洗除菌': 100.0, '普通洗车': 35.0}
5577,广东,白云区,均禾街石马村夏花二路9号新起点幼儿园门口,刘官飞,爱车族汽车养护中心,13265006057,{'普通洗车': 30.0, '去污打蜡': 120.0, '水晶打蜡': 150.0, '抛光打蜡': 380.0, '内饰干洗': 280.0, '臭氧消毒': 180.0, '空调清洗除菌': 260.0}
186,广东,花都区,花都区新华街天贵路70号,李中玫,浩明汽车服务有限公司,13926055345,{'普通洗车': 40.0, '划痕喷漆(国产普通漆）': 350.0, '昆仑机油保养工时费': 150.0, '特惠-刹车保养': 1238.0, '特惠-清洗油电路': 280.0, '特惠-四轮定位': 150.0}
6334,广东,花都区,迎宾路吉子酒店后门高晟广场1栋21铺,李广针,高盛汽车美容中心,18620033150,{'普通洗车': 35.0, '臭氧消毒': 100.0, '去污打蜡': 160.0, '水晶打蜡': 190.0, '保养工时费+普通机油格': 90.0}
3209,广东,白云区,白云湖街石井大道吕田地段自编101号（龙湖加油加气站）,缪林相,隆尚腾汽车服务保养中心,13580558448,{'普通洗车': 40.0, '水晶打蜡': 280.0}
943,广东,白云区,白云区石马涌边大街中（公交站）,陈寿喜,车之喜汽车美容养护中心,18998288398,{'普通洗车': 30.0, '水晶打蜡': 180.0}
2231,广东,白云区,白云区均禾街新石路均禾广场B088号,张明汉,潮汇一体式汽车服务会所,17620073918,{'普通洗车': 30.0, '去污打蜡': 180.0, '水晶打蜡': 220.0, '抛光打蜡': 388.0, '内饰干洗': 380.0, '臭氧消毒': 80.0, '空调清洗除菌': 100.0, '前挡玻璃磨泥': 30.0, '固体车蜡': 120.0, '特惠-全车镀晶': 1680.0, '特惠-水晶打蜡': 280.0, '划痕喷漆(国产普通漆）': 300.0}
6560,广东,花都区,秀全街花港大道马溪村森宝商业广场,李聪,长捷通汽车维修服务有限公司,19802032927,{'普通洗车': 30.0}
108,广东,白云区,白云区均禾街石加路26号,杨春晖,新晖轮胎服务中心,020-28148297,{'普通洗车': 30.0}
4949,广东,白云区,南岭岗埔大道与苏元庄街交叉口东北100米,陈家耀,铭希汽车养护中心,020-22628212,{'普通洗车': 35.0, '特惠-水晶打蜡': 198.0, '特惠-抛光打蜡': 438.0}
6151,广东,花都区,花城街迎宾大道43号,蒋兆全,特福莱汽车美容店,18148938679,{'普通洗车': 35.0, '特惠-可视空调清洗套餐': 388.0, '特惠-全车镀晶': 1800.0}
5825,广东,花都区,迎宾大道路新华街华海工业区3号,毕智焜,汇翔汽车维修服务中心,13808895611,{'普通洗车': 30.0, '去污打蜡': 220.0, '水晶打蜡': 280.0, '抛光打蜡': 380.0, '内饰干洗': 380.0, '臭氧消毒': 80.0, '保养工时费+普通机油格': 100.0, '划痕喷漆(国产普通漆）': 320.0}
5045,广东,白云区,新石路125号,胡红琴,广州豪龙汽车维修有限公司,13719366918,{'普通洗车': 30.0, '水晶打蜡': 180.0, '去污打蜡': 180.0, '臭氧消毒': 120.0, '内饰干洗': 280.0, '抛光打蜡': 380.0, '空调清洗除菌': 280.0, '四轮定位': 120.0, '四轮换位': 80.0, '前挡玻璃磨泥': 35.0}
98,广东,花都区,花都区建设北路131号之15号铺,黄国林,展鹏汽车服务中心,020-36990899,{'普通洗车': 40.0, '特惠-抛光打蜡': 488.0}
653,广东,花都区,花都区迎宾大道17号之三号铺,欧阳可秋,金宝汽车美容服务中心,020-36994680,{'普通洗车': 40.0}
451,广东,花都区,花都区兰花路与百寿路交界处喜立登饮食风情街e区1号,陈志龙,安步汽车服务中心,020-37760928,{'普通洗车': 40.0, '水晶打蜡': 200.0}
7057,广东,白云区,均禾街道平沙路333号, 陈光环,环仔汽车修理厂,13533672878,{'普通洗车': 30.0}
4302,广东,花都区,龙口综合市场自编9-12号,杨志邦,广州茂金汽车服务有限公司,15914487510,{'水晶打蜡': 240.0, '去污打蜡': 180.0, '臭氧消毒': 100.0, '抛光打蜡': 400.0, '内饰干洗': 380.0, '空调清洗除菌': 100.0, '普通洗车': 35.0, '特惠-水晶打蜡': 288.0}
1409,广东,花都区,花都区新华街百寿路凯旋国际公寓1栋107号铺,黄凯,艾非汽车快修养护中心,15989087626,{'普通洗车': 40.0, '去污打蜡': 180.0, '水晶打蜡': 260.0, '抛光打蜡': 380.0, '内饰干洗': 320.0, '臭氧消毒': 80.0, '空调清洗除菌': 100.0}
4652,广东,花都区,新华街三东大道106号1栋109商铺凯旋国际北门,刘文彬,森度一站式汽车养护中心,13416261020,{'普通洗车': 35.0, '水晶打蜡': 200.0, '臭氧消毒': 80.0, '空调清洗除菌': 100.0, '保养工时费+普通机油格': 100.0, '划痕喷漆(国产普通漆）': 300.0}
1720,广东,白云区,白云区七星岗工业路中段自编一号,邓法增,安瑞德一站式汽车服务机构,13826144596,{'普通洗车': 40.0, '去污打蜡': 140.0, '水晶打蜡': 200.0, '抛光打蜡': 380.0, '内饰干洗': 380.0, '空调清洗除菌': 100.0, '臭氧消毒': 100.0, '固体车蜡': 120.0, '特惠-划痕喷漆(国产普通漆)': 300.0, '特惠-水晶打蜡': 168.0, '划痕喷漆(国产普通漆）': 300.0}
6541,广东,白云区,石门街窖心大道自编331号,何世荣,速跑汽车美容店,13903017737,{'普通洗车': 30.0}
84,广东,白云区,白云区新石路2编1号 ,童伟强,天缘汽车美容中心,18925083968,{'普通洗车': 40.0, '特惠-可视空调清洗套餐': 380.0, '特惠-抛光打蜡': 280.0}
1734,广东,白云区,白云区夏茅十一社新工业区广福物流对面,黄其海,振海汽车维修养护中心,13168854031,{'普通洗车': 30.0, '去污打蜡': 120.0, '水晶打蜡': 180.0}
6082,广东,白云区,嘉禾街道长红村长湴街22号,唐厂长,新干线(嘉禾店),020-86194972,{'普通洗车': 40.0}
5609,广东,白云区,夏花一路与向西大道交叉口1号,李超,超翼汽车轮胎服务中心,13822255547,{'普通洗车': 35.0, '水晶打蜡': 200.0, '臭氧消毒': 80.0, '抛光打蜡': 400.0, '内饰干洗': 380.0, '特惠-刹车保养': 280.0, '特惠-四轮定位': 300.0}
97,广东,白云区,白云区嘉禾街七星岗商业街47-51档,梁丽菊,爱车堡汽车综合护理中心,15018791420,{'普通洗车': 40.0, '划痕喷漆(国产普通漆）': 300.0}
1828,广东,白云区,白云区嘉禾街106国道望岗段七星岗路商业街二栋37-38号,张辉球,星辉汽车一站式服务中心,18664786026,{'普通洗车': 30.0, '水晶打蜡': 300.0, '前挡玻璃磨泥': 30.0, '去污打蜡': 200.0, '特惠-水晶打蜡': 300.0}
1628,广东,白云区,广州市白云区新市子泓商务大厦东（均禾大道南）,周健,车源达汽车维修服务（广州）有限公司,13711041313,{'普通洗车': 40.0, '去污打蜡': 280.0, '水晶打蜡': 380.0, '内饰干洗': 380.0, '臭氧消毒': 128.0, '空调清洗除菌': 280.0}
8738,广东,白云区,均禾大道合汇大厦首层106号,刘堂元,熙大汽车服务有限公司,15813389305,{'普通洗车': 35.0, '特惠-可视空调清洗套餐': 380.0, '特惠-全车镀晶': 666.0}
5605,广东,白云区,太和镇龙河中路3号,陈永福,鑫泉汽车养护中心,13609016576,{'普通洗车': 30.0, '去污打蜡': 120.0, '水晶打蜡': 180.0, '抛光打蜡': 550.0, '内饰干洗': 550.0, '臭氧消毒': 280.0, '特惠-可视空调清洗套餐': 218.0, '特惠-水晶打蜡': 180.0, '特惠-抛光打蜡': 280.0}
6156,广东,花都区,平步大道中60号,赵海琳,港海汽车服务有限公司,15202096358,{'普通洗车': 40.0, '划痕喷漆(国产普通漆）': 300.0}
7348,广东,白云区,白云湖街夏茅十五社新路口工业区1~2号商铺,肖长红,车长友汽车服务,13570423387,{'普通洗车': 35.0, '去污打蜡': 180.0, '水晶打蜡': 200.0, '抛光打蜡': 320.0, '内饰干洗': 280.0, '臭氧消毒': 80.0, '保养工时费+普通机油格': 100.0, '特惠-水晶打蜡': 250.0}
951,广东,白云区,广东省广州市白云区江高镇夏花三路523号,齐国威,战国汽车养护中心（江高）,020-86020993,{'普通洗车': 35.0}
5604,广东,白云区,东平横岗东路十二支渠3号,邱小彬,车轮馆汽车服务有限公司,18200662100,{'普通洗车': 25.0, '去污打蜡': 168.0, '水晶打蜡': 288.0, '抛光打蜡': 488.0, '内饰干洗': 380.0, '臭氧消毒': 99.0, '空调清洗除菌': 99.0, '特惠-全车镀晶': 1280.0, '特惠-水晶打蜡': 180.0, '特惠-抛光打蜡': 480.0}
5816,广东,白云区,石门街石沙路346号万民百货对面,刘霞,湘豫汽车服务中心,15323357611,{'普通洗车': 30.0, '去污打蜡': 150.0, '水晶打蜡': 180.0, '抛光打蜡': 360.0, '内饰干洗': 280.0, '臭氧消毒': 80.0}
5737,广东,白云区,嘉禾望岗尖彭路16号喜聚创意园C101-105,陈丽泉,航圣汽车服务,13302388877,{'普通洗车': 48.0, '去污打蜡': 260.0, '水晶打蜡': 380.0, '抛光打蜡': 480.0, '内饰干洗': 380.0, '臭氧消毒': 180.0, '特惠-全车镀晶': 1800.0}
566,广东,白云区,白云区鹤龙街鹤边路白云三线2号102室,叶敏,新菱华汽车维修服务中心,020-61165126,{'普通洗车': 35.0, '水晶打蜡': 200.0, '划痕喷漆(国产普通漆）': 350.0, '抛光打蜡': 420.0}
1082,广东,白云区,白云区黄边时代玫瑰园一期(广云路西),齐明,车哆哆汽车服务有限公司,13288482622,{'普通洗车': 50.0, '水晶打蜡': 280.0, '内饰干洗': 480.0, '昆仑机油保养工时费': 150.0, '保养工时费+普通机油格': 150.0, '固体车蜡': 120.0, '特惠-水晶打蜡': 198.0, '特惠-可视空调清洗套餐': 380.0, '特惠-全车镀晶': 1980.0}
5713,广东,白云区,东平南路33号,梁超群,廖记汽车服务一站式中心,13724859765,{'普通洗车': 30.0, '去污打蜡': 190.0, '水晶打蜡': 280.0, '抛光打蜡': 500.0, '内饰干洗': 360.0, '臭氧消毒': 100.0, '特惠-可视空调清洗套餐': 380.0, '特惠-全车镀晶': 1280.0, '特惠-水晶打蜡': 180.0}
1483,广东,白云区,白云区石井镇上石工业区汇源大厦旁,李继林,新万腾名车汽车美容服务中心,13640770197,{'普通洗车': 40.0, '去污打蜡': 180.0, '水晶打蜡': 280.0, '臭氧消毒': 80.0, '空调清洗除菌': 150.0, '划痕喷漆(国产普通漆）': 400.0}
1478,广东,白云区,白云区石井街山顶东四巷4号首层,王钢勇,广州市易新汽车美容有限公司,18929544882,{'普通洗车': 30.0, '去污打蜡': 148.0, '水晶打蜡': 168.0, '抛光打蜡': 298.0, '内饰干洗': 268.0, '空调清洗除菌': 80.0}
110,广东,白云区,白云区黄石西路马务美食街聚佳酒店旁边,王松梅,聚佳汽车,020-29883656,{'普通洗车': 35.0}
1033,广东,白云区,白云区太和北路218号101房,郑富强,广州富强汽车服务有限公司,020-37310591,{'普通洗车': 40.0, '水晶打蜡': 230.0}
101,广东,白云区,白云区太和太营路89号,周妙爱,华记汽车美容中心二店,020-36532237,{'普通洗车': 40.0, '划痕喷漆(国产普通漆）': 300.0, '精致洗车': 80.0}
5920,广东,白云区,太和镇陈太路158号101铺,谢灿昭,超苑汽车维修服务有限公司,13724800903,{'普通洗车': 30.0, '水晶打蜡': 280.0, '划痕喷漆(国产普通漆）': 380.0, '臭氧消毒': 90.0, '空调清洗除菌': 80.0}
941,广东,白云区,马务新街12号,孙鹏瑞,马务汽车美容维修服务中心,020-22097446,{'普通洗车': 35.0}
5611,广东,白云区,黄石西路马务新街9号,罗炳新,广州市卓越汽车养护有限公司,13728037099,{'普通洗车': 30.0, '去污打蜡': 180.0, '水晶打蜡': 260.0, '臭氧消毒': 150.0, '抛光打蜡': 380.0, '内饰干洗': 280.0, '空调清洗除菌': 298.0}
2124,广东,白云区,三元里德康路自编号21-28号,刘华芳,广州鹰之翼汽车维修服务有限公司,020-86482123,{'普通洗车': 40.0, '去污打蜡': 200.0, '水晶打蜡': 280.0, '抛光打蜡': 380.0, '内饰干洗': 380.0, '臭氧消毒': 80.0, '划痕喷漆(国产普通漆）': 300.0}
404,广东,白云区,新市汇侨中路29号,张沛锋,御荟汽车美容,020-36545339,{'普通洗车': 40.0, '去污打蜡': 150.0, '水晶打蜡': 200.0, '抛光打蜡': 380.0, '内饰干洗': 300.0, '臭氧消毒': 80.0, '空调清洗除菌': 80.0, '特惠-抛光打蜡': 288.0, '特惠-水晶打蜡': 180.0}
7975,广东,白云区,太和镇兴太路112号,陈雁峰,万鸿汽车维修有限公司,13503055371,{'普通洗车': 35.0}
5528,广东,白云区,新市街棠涌南航新村西侧商铺A座首层4-6号铺,张锐湖,小张汽车维修美容服务部,15360062389,{'普通洗车': 30.0, '去污打蜡': 280.0, '水晶打蜡': 380.0, '抛光打蜡': 380.0, '内饰干洗': 380.0, '臭氧消毒': 100.0, '空调清洗除菌': 100.0}
7174,广东,白云区,佳园街纵横缤城一层19号,祁留军,源丰汽车养护,18680493055,{'普通洗车': 35.0, '水晶打蜡': 298.0, '臭氧消毒': 108.0}
397,广东,白云区,白云区黄石东路翰云路313号  嘉利家宴酒家旁边,李玉堂,靓车一族汽车服务黄石店,020-62837688,{'普通洗车': 35.0, '前挡玻璃镀膜': 120.0, '内饰干洗': 380.0, '水晶打蜡': 200.0, '空调清洗除菌': 120.0, '抛光打蜡': 480.0, '臭氧消毒': 100.0, '去污打蜡': 160.0, '划痕喷漆(国产普通漆）': 350.0}
102,广东,白云区,白云区太和和乐路鑫瑞大厦B栋,周彩环,华记汽车美容中心,13711449855,{'普通洗车': 40.0, '划痕喷漆(国产普通漆）': 300.0}
109,广东,白云区,白云区黄石路高尔夫荷塘月色内 ,李亦晨,盈捷汽车服务中心 ,13828473761,{'普通洗车': 40.0, '去污打蜡': 180.0, '水晶打蜡': 240.0, '抛光打蜡': 450.0, '内饰干洗': 400.0, '臭氧消毒': 80.0, '空调清洗除菌': 100.0, '特惠-可视空调清洗套餐': 218.0, '特惠-全车镀晶': 666.0, '特惠-水晶打蜡': 99.0}
6311,广东,花都区,狮岭镇合成村新城街5号,王文涛,勤善源汽车服务中心,18028509488,{'普通洗车': 30.0, '去污打蜡': 180.0, '水晶打蜡': 220.0, '臭氧消毒': 80.0}
405,广东,白云区,白云区增槎路西盈物流南门右边,陈惠丽,创亨汽车专业维护中心,020-29831877,{'普通洗车': 40.0, '去污打蜡': 150.0, '水晶打蜡': 200.0, '抛光打蜡': 380.0, '内饰干洗': 300.0, '臭氧消毒': 80.0, '空调清洗除菌': 80.0, '昆仑机油保养工时费': 150.0, '固体车蜡': 120.0, '特惠-水晶打蜡': 300.0, '特惠-抛光打蜡': 480.0, '特惠-可视空调清洗套餐': 380.0, '划痕喷漆(国产普通漆）': 300.0}
921,广东,白云区,白云区竹料镇大纲领村商业中心108号,张彩燕,广州市杰威汽车维修有限公司（竹料店）,020-87481383,{'普通洗车': 40.0, '水晶打蜡': 220.0, '内饰干洗': 280.0, '划痕喷漆(国产普通漆）': 350.0}
718,广东,白云区,广州市白云区白云大道南1071-1077号（长安技术服务中心正对面）,null,新干线汽车港店,020-86194972,{'普通洗车': 40.0}
1192,广东,白云区,白云区三元里德康路北12号,马建军,车先生汽车生活馆,18620443638,{'普通洗车': 30.0, '水晶打蜡': 200.0, '内饰干洗': 300.0}
1445,广东,白云区,白云区同和街老庄村英豪街5号,吕青青,车炫仕汽车美容中心,15989240258,{'普通洗车': 40.0, '去污打蜡': 198.0, '水晶打蜡': 298.0, '空调清洗除菌': 80.0}
5739,广东,花都区,狮岭镇狮岭大道西6号,刘江浩,久玖车坊,13286890560,{'普通洗车': 35.0}
5824,广东,花都区,狮岭镇金狮大道28号19-23号铺,谢春子,车艺坊汽车维修中心,13682234939,{'普通洗车': 30.0, '去污打蜡': 220.0, '水晶打蜡': 280.0, '抛光打蜡': 380.0, '内饰干洗': 380.0, '臭氧消毒': 80.0, '划痕喷漆(国产普通漆）': 320.0, '保养工时费+普通机油格': 120.0}
5360,广东,花都区,芙蓉大道北22号,王勇,车道社区车务中心（岭会店）,17727630979,{'普通洗车': 35.0, '水晶打蜡': 260.0, '去污打蜡': 160.0}
1688,广东,花都区,花都区狮岭镇义山村义山北路24号2-3档,陈灵锋,盛利专业汽车美容中心,15889968804,{'普通洗车': 30.0, '去污打蜡': 135.0, '水晶打蜡': 250.0, '抛光打蜡': 380.0, '内饰干洗': 280.0, '臭氧消毒': 80.0, '空调清洗除菌': 150.0}
5819,广东,花都区,团结东路侧正南方向188米,黄尚宇,典典养车汽车美容服务（华昊店）,15818138916,{'普通洗车': 30.0, '去污打蜡': 220.0, '水晶打蜡': 280.0, '抛光打蜡': 380.0, '内饰干洗': 380.0, '臭氧消毒': 80.0, '保养工时费+普通机油格': 120.0, '划痕喷漆(国产普通漆）': 320.0}
476,广东,花都区,狮岭镇山前大道新杨村十三队（肇花高速六花岗收费站附近）,李先生,狮岭畅通佳汽车维修厂(狮岭店),020-86983928,{'普通洗车': 40.0, '划痕喷漆(国产普通漆）': 350.0}
1069,广东,花都区,广州市花都区狮岭镇新扬村71号,伍世艺,亮友亮晶晶汽车服务中心,020-22973797,{'普通洗车': 40.0, '水晶打蜡': 198.0, '内饰干洗': 350.0, '抛光打蜡': 380.0, '划痕喷漆(国产普通漆）': 300.0}
1071,广东,花都区,花都狮岭镇新民六队48号,钟建生,桦裕汽车修理厂,13535225828,{'普通洗车': 30.0, '特惠-刹车保养': 480.0}
5744,广东,花都区,狮岭镇阳光路11号,曾国爱,老班长汽车服务部,13433977252,{'普通洗车': 30.0}
1070,广东,花都区,花都狮岭镇金狮大道28号前排3号楼,毕宏毅,明杰汽车服务中心,36972056,{'普通洗车': 40.0, '特惠-内饰干洗': 360.0, '特惠-可视空调清洗套餐': 368.0, '特惠-刹车保养': 280.0}
100,广东,白云区,白云区机场路260号（椰林米走鸡旁边）,何永耀,南丰汽车维修有限公司,17302058579,{'普通洗车': 40.0, '水晶打蜡': 180.0}
2646,广东,花都区,花都区狮岭镇益群村昶荣路,吴建娟,波仕卡专业换油养护中心(花都店),13570262208,{'普通洗车': 30.0, '去污打蜡': 150.0, '水晶打蜡': 260.0, '抛光打蜡': 360.0, '内饰干洗': 320.0, '划痕喷漆(国产普通漆）': 300.0, '前挡玻璃磨泥': 30.0, '前挡玻璃镀膜': 100.0, '特惠-水晶打蜡': 398.0, '特惠-可视空调清洗套餐': 360.0, '特惠-内饰干洗': 380.0}
6761,广东,白云区,同和同沙路云新街7号18号铺,敖庆,快车干线（同和店）,13922129245,{'普通洗车': 35.0}
1776,广东,花都区,花都区狮岭镇金狮大道西2号,刘烈远,正源汽车养护中心,13286186696,{'普通洗车': 30.0, '去污打蜡': 180.0, '水晶打蜡': 220.0, '抛光打蜡': 380.0, '内饰干洗': 360.0, '臭氧消毒': 100.0, '空调清洗除菌': 120.0, '前挡玻璃磨泥': 68.0}
410,广东,白云区,西槎路田心西路202号大院,茜茜,粤东汽车服务,020-36488383,{'普通洗车': 40.0, '划痕喷漆(国产普通漆）': 300.0}
922,广东,白云区,白云区钟落潭镇广龙路口（交警中队路口）,肖燕君,广州市杰威汽车维修有限公司（钟落潭店）,020-37419581,{'普通洗车': 40.0, '水晶打蜡': 220.0, '内饰干洗': 280.0, '划痕喷漆(国产普通漆）': 350.0}
628,广东,白云区,白云区沙太路奥邦轮胎市场北区1-6号,李富荣,1=1丁丁爱车,18688488090,{'普通洗车': 40.0, '特惠-全车镀晶': 1280.0, '特惠-水晶打蜡': 180.0, '特惠-抛光打蜡': 280.0}
6312,广东,白云区,钟落潭镇广从七路530号（地铁A出口旁）,黄锦麟,友车邦汽车用品店,13822245696,{'普通洗车': 30.0, '水晶打蜡': 180.0, '去污打蜡': 150.0}
3387,广东,白云区,白云区金沙街沙凤村环洲三路社区医院对面,邹桂英,名都金奥大众奥迪维修中心,02081191662,{'普通洗车': 30.0, '抛光打蜡': 380.0, '水晶打蜡': 210.0, '内饰干洗': 380.0, '去污打蜡': 160.0, '臭氧消毒': 80.0, '空调清洗除菌': 100.0, '划痕喷漆(国产普通漆）': 300.0}
3738,广东,白云区,政通路25号,钟友丁,新干线政通路店,13822112143,{'普通洗车': 40.0}
955,广东,白云区,白云区钟落潭广从七路609号,余东华,金海岸汽车护理中心,15119665874,{'普通洗车': 30.0}
1115,广东,天河区,天河区迎龙路自编203号之十,陈老板,如一汽车服务中心,15625001228,{'普通洗车': 30.0, '去污打蜡': 160.0, '水晶打蜡': 200.0, '划痕喷漆(国产普通漆）': 350.0}
5830,广东,白云区,落潭镇广从七路530号,黄锦麟,广州市白云区落潭镇友车邦汽车服务中心,13822245696,{'普通洗车': 30.0, '去污打蜡': 150.0, '水晶打蜡': 200.0, '抛光打蜡': 380.0, '内饰干洗': 160.0, '臭氧消毒': 68.0, '空调清洗除菌': 100.0}
2193,广东,天河区,天河区沙太路418号,吴军辉,嘉谊汽车维修有限公司,020-37391855,{'普通洗车': 40.0, '去污打蜡': 230.0, '水晶打蜡': 280.0, '抛光打蜡': 480.0, '内饰干洗': 360.0, '臭氧消毒': 180.0, '空调清洗除菌': 150.0}
1114,广东,天河区,龙洞北路279号( 龙洞派出所前高速公路桥下),何姐,车畅汽车服务,13332868868,{'普通洗车': 40.0, '划痕喷漆(国产普通漆）': 350.0, '去污打蜡': 158.0, '水晶打蜡': 188.0, '抛光打蜡': 338.0, '内饰干洗': 328.0, '臭氧消毒': 88.0, '固体车蜡': 120.0, '特惠-划痕喷漆(国产普通漆)': 350.0, '特惠-全车镀晶': 1980.0, '特惠-机油保养套餐': 160.0}
475,广东,花都区,狮岭镇山前大道双龙路口180号,冯四维,狮岭四维汽车维修部,020-29062716,{'普通洗车': 30.0}
4306,广东,天河区,广园东路2147号(星和商务酒店旁）,吴菊芳,广州小泉汽配维修有限公司,15360443527,{'水晶打蜡': 240.0, '去污打蜡': 180.0, '臭氧消毒': 80.0, '抛光打蜡': 400.0, '内饰干洗': 380.0, '空调清洗除菌': 100.0, '普通洗车': 35.0}
125,广东,越秀区,广州市东风西路120号65档,邹小姐,车一车汽车用品商行,020-81075438,{'普通洗车': 40.0}
1064,广东,天河区,天河区长兴路长湴西街（高德汇东门东门）,王孟华,好车汇汽车美容中心,18520655033,{'普通洗车': 35.0, '水晶打蜡': 260.0, '抛光打蜡': 380.0, '内饰干洗': 280.0}
713,广东,荔湾区,广州市荔湾区周门路25号（永通驾校内）,谭老板,新干线周门店,020-81357197,{'普通洗车': 40.0}
113,广东,越秀区,广州市越秀区越秀北路434号,吴姐,金谷快速汽车美容保养部,020-83558138,{'普通洗车': 50.0}
710,广东,天河区,广州市天河区柯木塱西街15-4（华美路华美学校前500米）,null,新干线华美店,13318852596,{'普通洗车': 40.0}
8680,广东,天河区,天河区柯木塱大坪街站（同仁艺体实验中学对面）,何江凤,车畅汽车维修有限公司(柯木塱店),13332868868,{'普通洗车': 35.0, '水晶打蜡': 268.0, '臭氧消毒': 168.0, '划痕喷漆(国产普通漆）': 350.0, '特惠-划痕喷漆(国产普通漆)': 350.0, '特惠-全车镀晶': 1980.0, '特惠-机油保养套餐': 160.0}
8082,广东,白云区,钟落潭镇广从八路791号,彭银玲,伊斯坦汽车养护中心,15902069908,{'普通洗车': 30.0, '水晶打蜡': 220.0}
1007,广东,天河区,天河区长兴路503号之二号,方部勋,驭琪汽车维修有限公司,13512765709,{'普通洗车': 40.0, '水晶打蜡': 280.0, '抛光打蜡': 380.0, '内饰干洗': 280.0, '固体车蜡': 120.0}
122,广东,荔湾区,广州市荔湾区芳盈路2号,李伟,宝顺汽车维修服务中心,13058412400,{'普通洗车': 30.0, '去污打蜡': 150.0, '水晶打蜡': 200.0, '抛光打蜡': 300.0, '内饰干洗': 280.0}
177,广东,越秀区,越秀区东湖路6号,欧阳习文,越秀区君怡汽车清洁服务部,020-37651806,{'普通洗车': 50.0, '昆仑机油保养工时费': 150.0, '保养工时费+普通机油格': 150.0, '固体车蜡': 120.0, '划痕喷漆(国产普通漆）': 300.0}
442,广东,越秀区,大沙头二马路40号,邓文彬,车极速汽车生活馆,18665659289,{'普通洗车': 50.0, '昆仑机油保养工时费': 150.0, '保养工时费+普通机油格': 150.0, '固体车蜡': 120.0, '划痕喷漆(国产普通漆）': 300.0}
116,广东,越秀区,越秀区寺右二马路53号新城大厦首层,宗迪云,东情贸易有限公司汽车服务中心,020-87363981,{'普通洗车': 45.0, '固体车蜡': 120.0, '特惠-水晶打蜡': 350.0}
933,广东,海珠区,海珠区南华中路286-288号海悦大厦,商学玲,爱车汽车服务有限公司,18680524329,{'水晶打蜡': 380.0, '内饰干洗': 420.0, '抛光打蜡': 488.0, '前挡玻璃磨泥': 40.0, '普通洗车': 50.0}
743,广东,天河区,天河区广汕二路127号,谭玲,畅途汽车广汕路店 ,020-87036773,{'普通洗车': 35.0, '前挡玻璃磨泥': 35.0, '前挡玻璃镀膜': 128.0}
439,广东,荔湾区,荔湾区东漖北永乐路23号怡芳苑小区停车场内,武强,方源汽车美容中心,13268084298,{'普通洗车': 30.0, '去污打蜡': 150.0, '水晶打蜡': 200.0, '抛光打蜡': 300.0, '内饰干洗': 300.0, '臭氧消毒': 120.0, '前挡玻璃磨泥': 35.0, '前挡玻璃镀膜': 120.0}
727,广东,黄埔区,黄陂朱家街惠联路华标峰湖御景旁,向云辉,畅途汽车天鹿花园店,020-82036616,{'普通洗车': 35.0, '前挡玻璃磨泥': 35.0, '前挡玻璃镀膜': 128.0}
711,广东,海珠区,广州市海珠区宝岗路杏林大街123号,null,新干线江南西店,020-34372973,{'普通洗车': 50.0}
5508,广东,天河区,上社枫叶路74号A103,王又赞,广州怡通汽车服务有限公司,13073002577,{'普通洗车': 40.0, '去污打蜡': 220.0, '水晶打蜡': 280.0, '抛光打蜡': 480.0, '内饰干洗': 360.0, '臭氧消毒': 60.0, '空调清洗除菌': 150.0}
481,广东,海珠区,海珠区工业大道北55号外运大厦一楼首层,邓彩霞,优车宝车公馆汽车服务中心,13825005262,{'普通洗车': 45.0, '去污打蜡': 280.0, '水晶打蜡': 320.0, '抛光打蜡': 488.0, '内饰干洗': 460.0, '空调清洗除菌': 150.0, '臭氧消毒': 150.0, '昆仑机油保养工时费': 150.0, '固体车蜡': 120.0, '特惠-全车镀晶': 1880.0}
185,广东,荔湾区,荔湾区芳村花蕾路以南接龙里以西10号(自编88号)花地派出所正对面咀头嘴遂道入口,马木云,亨顺汽车美容中心,15118870502,{'普通洗车': 35.0, '去污打蜡': 150.0, '水晶打蜡': 200.0, '抛光打蜡': 350.0, '内饰干洗': 350.0, '臭氧消毒': 120.0, '前挡玻璃磨泥': 35.0}
708,广东,天河区,广州市天河区潭村路16号星汇雅苑A-D座裙楼首层109-110房,林店长,新干线天河店,020-85258290,{'普通洗车': 40.0}
471,广东,海珠区,海珠区怡乐路45号,张小燕,怡乐汽车美容中心,020-29827789,{'普通洗车': 35.0, '水晶打蜡': 240.0, '抛光打蜡': 480.0, '内饰干洗': 360.0, '前挡玻璃磨泥': 30.0}
470,广东,海珠区,海珠区东晓金禧路怡乐西街6号,庞文辉,千禧汽车养护中心,15889911938,{'普通洗车': 35.0, '水晶打蜡': 240.0, '抛光打蜡': 480.0, '内饰干洗': 360.0, '去污打蜡': 180.0}
1211,广东,荔湾区,广州市芳村茶漖商业广场B区46-52号,陈俊辉,车大车之翼维修服务部,81528853,{'普通洗车': 40.0, '水晶打蜡': 200.0, '抛光打蜡': 380.0, '内饰干洗': 380.0, '臭氧消毒': 88.0, '特惠-水晶打蜡': 99.0, '特惠-可视空调清洗套餐': 258.0}
135,广东,海珠区,广州市海珠区新港西路25号之一,刘光岳,德捷汽车维修美容中心,13825122348,{'普通洗车': 40.0}
82,广东,天河区,黄埔大道中员村山顶恒隆街1号（家乐福正门旁露天停车场内）,张小磊,靓车会汽车维修美容服务中心,18718888234,{'普通洗车': 35.0, '去污打蜡': 180.0, '臭氧消毒': 120.0, '内饰干洗': 350.0, '抛光打蜡': 380.0, '水晶打蜡': 200.0}
745,广东,天河区,天河区中山大道西与荷光路交汇处,谭玲,畅途汽车中山大道西店,020-85672551,{'普通洗车': 35.0}
136,广东,海珠区,广州市海珠区昌岗中路礼岗路5号,阳青田,中化卡尔汽车服务连锁礼岗分店,13826297879,{'普通洗车': 40.0, '水晶打蜡': 180.0, '内饰干洗': 320.0, '抛光打蜡': 480.0, '划痕喷漆(国产普通漆）': 300.0, '特惠-玻璃镀晶': 1680.0}
438,广东,荔湾区,荔湾区浣花路涴南东街自编5号,啊霞,广丰汽车服务中心,15914268996,{'普通洗车': 35.0, '去污打蜡': 180.0, '水晶打蜡': 280.0, '抛光打蜡': 480.0, '内饰干洗': 480.0, '臭氧消毒': 120.0, '前挡玻璃磨泥': 35.0, '前挡玻璃镀膜': 100.0, '划痕喷漆(国产普通漆）': 300.0}
709,广东,天河区,天河区临江大道507号（原南方面粉厂内）,null,新干线临江店,020-83785974,{'普通洗车': 40.0}
1156,广东,天河区,天河区员村四横路157号,马康建,天韵汽车美容服务中心,13527896980,{'普通洗车': 30.0, '去污打蜡': 150.0, '水晶打蜡': 280.0, '抛光打蜡': 380.0, '内饰干洗': 350.0, '臭氧消毒': 120.0}
1327,广东,荔湾区,广州市荔湾区芳村鹤洞路109号之一,高军,安银汽车美容维修中心,18779248682,{'普通洗车': 30.0, '去污打蜡': 130.0, '水晶打蜡': 180.0, '内饰干洗': 250.0, '臭氧消毒': 100.0, '空调清洗除菌': 100.0}
887,广东,天河区,天河区车陂路598号之8,雷光明,明驰汽车修理厂,020-32207377,{'普通洗车': 30.0, '昆仑机油保养工时费': 150.0}
437,广东,荔湾区,荔湾区花地大道中芳村坑口牌坊1-3铺,郑妍,恒进汽车美容服务部,18319248278,{'普通洗车': 35.0, '昆仑机油保养工时费': 150.0, '特惠-水晶打蜡': 188.0, '特惠-可视空调清洗套餐': 258.0}
5201,广东,海珠区,新港东路241号-243号,黄国超,轩鼎汽车销售服务有限公司,020-84099040,{'普通洗车': 50.0, '去污打蜡': 380.0, '水晶打蜡': 480.0, '内饰干洗': 480.0, '臭氧消毒': 80.0, '空调清洗除菌': 480.0}
166,广东,海珠区,海珠区墩和路207路,马希坚,车艺汽车美容店,15875302778,{'普通洗车': 40.0, '水晶打蜡': 280.0}
174,广东,海珠区,海珠区敦和路208总站旁停车场内 ,张彩燕,敦和汽车美容中心 ,13010596186,{'普通洗车': 40.0, '水晶打蜡': 280.0, '去污打蜡': 160.0}
303,广东,海珠区,海珠区江海大道中华大街34号,钟陵,车马炮专业维修中心,18903068667,{'普通洗车': 40.0, '水晶打蜡': 180.0, '去污打蜡': 150.0}
408,广东,海珠区,江南大道南889自编7号,占华林,盛高美容养护中心,020-31021193,{'普通洗车': 40.0}
712,广东,海珠区,海珠区工业大道南金碧花园一期金辉路48号（金碧小学斜对面）,汤生,新干线金碧店,020-89603441,{'普通洗车': 40.0}
407,广东,海珠区,海珠区中大瑞宝村旧机械城19号,占华林,盛高汽修东晓南店,020-31021193,{'普通洗车': 40.0}
422,广东,海珠区,海珠区南州北路海新街11—19号首层3号铺,邓彩云,瑞丰汽车维修服务部,13535564466,{'普通洗车': 40.0, '去污打蜡': 180.0, '臭氧消毒': 100.0, '内饰干洗': 320.0, '抛光打蜡': 380.0, '水晶打蜡': 220.0, '前挡玻璃镀膜': 30.0, '划痕喷漆(国产普通漆）': 350.0, '昆仑机油保养工时费': 150.0}
4687,广东,天河区,天河区中山大道中989号,罗志业,锦汇名车养护中心,18998809673,{'普通洗车': 35.0, '水晶打蜡': 200.0, '臭氧消毒': 80.0, '空调清洗除菌': 100.0, '保养工时费+普通机油格': 100.0}
486,广东,海珠区,海珠区工业大道889号,刘,光和汽车服务部,13119582293,{'普通洗车': 40.0, '去污打蜡': 180.0, '水晶打蜡': 220.0, '内饰干洗': 320.0, '抛光打蜡': 380.0, '臭氧消毒': 100.0, '前挡玻璃磨泥': 40.0, '划痕喷漆(国产普通漆）': 300.0, '特惠-划痕喷漆(国产普通漆)': 400.0}
5746,广东,从化区,太平镇平中路南边,沈雁英,车之族汽车维修厂,13711152099,{'普通洗车': 35.0, '划痕喷漆(国产普通漆）': 300.0}
889,广东,天河区,天河区珠吉路77号之109,雷光明,明驰汽车修理厂(珠吉店),13543483198,{'普通洗车': 35.0, '去污打蜡': 180.0, '水晶打蜡': 220.0, '抛光打蜡': 280.0, '内饰干洗': 350.0, '臭氧消毒': 80.0, '昆仑机油保养工时费': 150.0}
735,广东,天河区,东圃宦溪北路商业街A1、A2铺,卢店长,畅途汽车羊城花园店,020-32215038,{'普通洗车': 35.0, '前挡玻璃磨泥': 35.0, '前挡玻璃镀膜': 128.0}
92,广东,天河区,天河区珠村灵山东路2号,张士豪,名车坊汽车美容维修服务中心,17620030535,{'普通洗车': 45.0, '前挡玻璃磨泥': 30.0, '前挡玻璃镀膜': 128.0, '四轮换位': 80.0}
8874,广东,荔湾区,广州市荔湾区中南街花地大道南自编688号,陈嫦娥,友顺汽车服务中心（车速汇汽车）,13434353383,{'普通洗车': 35.0, '特惠-水晶打蜡': 99.0, '特惠-可视空调清洗套餐': 258.0}
5740,广东,从化区,太平镇广从南路486号,吴丰财,启驾汽车维修部,15920515542,{'普通洗车': 30.0}
1834,广东,从化区,从化区太平镇广从南路515号,刘东强,欣亮汽车服务连锁机构,020-37504322,{'普通洗车': 40.0, '去污打蜡': 180.0, '水晶打蜡': 280.0, '抛光打蜡': 480.0, '内饰干洗': 420.0, '臭氧消毒': 100.0, '空调清洗除菌': 120.0, '前挡玻璃磨泥': 30.0, '划痕喷漆(国产普通漆）': 300.0}
1831,广东,从化区,从化区太平镇平中大道373号,邓展雄,昇年昇汽车服务有限公司,020-37925803,{'普通洗车': 40.0, '划痕喷漆(国产普通漆）': 300.0}
90,广东,天河区,天河区珠吉东环路8号,黎元华,亮晶汽车服务有限公司,020-82034500,{'普通洗车': 45.0, '臭氧消毒': 88.0, '水晶打蜡': 268.0}
6555,广东,从化区,太平镇广从南路553号,林家平,风驰汽车维修有限公司,13560007174,{'普通洗车': 35.0}
761,广东,天河区,天河区汇彩路盈汇街96-100号,田永昌,车来车往-龙马汽车修理厂,13226659060,{'普通洗车': 35.0, '去污打蜡': 260.0, '水晶打蜡': 280.0, '抛光打蜡': 450.0, '内饰干洗': 380.0, '臭氧消毒': 85.0, '空调清洗除菌': 80.0, '前挡玻璃磨泥': 30.0}
1320,广东,黄埔区,萝岗区九龙镇九佛育才路(九佛小学路口),陈国荣,焦道汽车服务中心,13434130502,{'普通洗车': 40.0, '去污打蜡': 180.0, '水晶打蜡': 230.0, '抛光打蜡': 450.0, '内饰干洗': 350.0, '臭氧消毒': 100.0}
666,广东,天河区,天河区汇彩路自编16号-101房,吴老板,博特名车汇维修中心汇彩路店,15920373384,{'普通洗车': 45.0, '水晶打蜡': 358.0, '抛光打蜡': 580.0, '内饰干洗': 380.0, '臭氧消毒': 100.0, '特惠-水晶打蜡': 358.0, '特惠-抛光打蜡': 580.0}
434,广东,番禺区,番禺区洛溪食街C68-71号（五湖四海国际水产交易中心牌坊正对面）,傅华鹏,臻尚汽车美容会所,020-31070276,{'普通洗车': 35.0}
162,广东,番禺区,番禺区洛浦街洛溪村康宁西路自编5号一层,崔朝 ,衡安汽车维修中心,020-84548303,{'普通洗车': 30.0, '去污打蜡': 180.0, '水晶打蜡': 280.0, '抛光打蜡': 380.0, '内饰干洗': 380.0, '臭氧消毒': 80.0, '空调清洗除菌': 150.0}
8493,广东,黄埔区,广州市黄浦区大涌湾路与茅岗路交叉口东北50米,王耿,广州市众享汽车服务咨询有限公司,13826265631,{'普通洗车': 35.0, '昆仑机油保养工时费': 1.0}
819,广东,番禺区,番禺区洛浦街南浦沿沙路118号A栋首层,杨锦贤,德鑫汽车维修服务中心,020-39186837,{'普通洗车': 35.0, '特惠-抛光打蜡': 480.0}
433,广东,番禺区,番禺区洛溪新城吉祥南街24栋2-4号（光大银行旁）,区图贤,镁华维修美容服务中心,020-84508569,{'普通洗车': 40.0, '划痕喷漆(国产普通漆）': 350.0}
4803,广东,黄埔区,茅岗新村直街6号,朱国伟,承誉德汽车服务中心,18588559188,{'普通洗车': 30.0, '内饰干洗': 280.0}
1077,广东,黄埔区,黄埔区萝岗街荔红二路（萝岗牌坊）,钟嘉荣,荣锋汽车美容店,020-32280585,{'普通洗车': 40.0}
1823,广东,黄埔区,黄埔区丰乐北路186-188号,崔有林,考拉爱车(丰乐北路社区店),02082391193,{'普通洗车': 40.0, '水晶打蜡': 280.0}
175,广东,番禺区,番禺区洛浦街洛浦桔树村万兴路12号,吴宏志,迅驰汽车维修服务中心,18688909529,{'普通洗车': 35.0, '去污打蜡': 180.0, '臭氧消毒': 80.0, '水晶打蜡': 150.0, '抛光打蜡': 480.0, '内饰干洗': 480.0, '空调清洗除菌': 150.0}
5759,广东,番禺区,洛浦街江明珠酒店员工宿舍楼自编103,罗雪凤,轩星汽车一站式服务中心,13539995307,{'普通洗车': 40.0, '特惠-水晶打蜡': 268.0}
5995,广东,黄埔区,丰乐南路裕丰围兴隆街自编25号,刘小姐,诚裕通汽车修理厂,13660222998,{'普通洗车': 30.0, '特惠-可视空调清洗套餐': 380.0, '特惠-全车镀晶': 1280.0, '特惠-水晶打蜡': 180.0}
6957,广东,番禺区,大石镇群贤东路,张小珍,广州明快汽车维修有限公司,13660343448,{'普通洗车': 35.0, '去污打蜡': 200.0, '水晶打蜡': 250.0, '抛光打蜡': 380.0, '内饰干洗': 300.0, '臭氧消毒': 80.0}
160,广东,番禺区,番禺区大石镇群贤东路,邓康养,万路驰优科豪马（群协路）,020-29052719,{'普通洗车': 30.0, '水晶打蜡': 268.0, '去污打蜡': 238.0, '昆仑机油保养工时费': 260.0}
6448,广东,番禺区,南村镇番禺大道北和缘广场,杨超强,特宾汽车养护中心,13242784120,{'普通洗车': 30.0, '去污打蜡': 180.0, '水晶打蜡': 220.0, '抛光打蜡': 360.0, '内饰干洗': 310.0, '臭氧消毒': 80.0}
731,广东,番禺区,小谷围街穗石村穗石大道13号101房,谭玲,畅途汽车大学城2店,15913501604,{'普通洗车': 35.0, '前挡玻璃磨泥': 35.0, '前挡玻璃镀膜': 128.0}
152,广东,番禺区,番禺区南村镇华南新城路12号,张栩,金源维修服务中心,020-61930275,{'普通洗车': 30.0}
158,广东,番禺区,番禺区大石镇105国道645号,陈耀中,万路驰倍耐力（飘峰）旗舰店,020-31178282,{'普通洗车': 30.0}
1443,广东,番禺区,番禺区南村员岗大道东49号,黄历建,车博士汽车服务中心,13539751389,{'普通洗车': 30.0, '划痕喷漆(国产普通漆）': 300.0}
5291,广东,黄埔区,广州市黄埔区华坑路600号之一,张小姐,华骏汽车维修服务有限公司,020-82323035,{'昆仑机油保养工时费': 150.0, '普通洗车': 35.0}
715,广东,番禺区,广州市番禺区兴南大道169号（华南新城南门东侧）,null,新干线华南新城店,020-31063052,{'普通洗车': 40.0}
582,广东,番禺区,番禺区南村镇塘埗西村番禺大道北20号B栋101,李敏华,七星名车维修养护中心,020-39262778,{'普通洗车': 35.0, '划痕喷漆(国产普通漆）': 350.0}
714,广东,番禺区,广州市番禺大道北383号海印又一城奥特莱斯广场负二层停车场,null,新干线海印又一城店,020-39193001,{'普通洗车': 40.0}
156,广东,番禺区,番禺区南村镇兴南大道777号,李奕山,万路驰米其林店,020-84766668,{'普通洗车': 30.0}
157,广东,番禺区,广州番禺区钟村105国道谢村道段22号,陈有廷,万路驰壹好站（谢村）店,020-34633030,{'普通洗车': 30.0}
6064,广东,从化区,鳌头镇城鳌大道西路自编797号,张超宏,广州市从化鳌头广北汽车美容服务中心,18802087910,{'普通洗车': 30.0, '水晶打蜡': 180.0, '去污打蜡': 160.0, '划痕喷漆(国产普通漆）': 220.0, '保养工时费+普通机油格': 80.0, '特惠-划痕喷漆(国产特种漆)': 350.0}
716,广东,番禺区,番禺区南村镇兴业大道西诺德名都1015-1017铺,null,新干线诺德店,13725312524,{'普通洗车': 40.0}
5835,广东,番禺区,南村镇兴业大道282号,黄翔,广州市番禺区南村鸿翔汽车修理厂,18820083228,{'普通洗车': 35.0, '臭氧消毒': 80.0}
131,广东,番禺区,钟村广嘉集团,邓立诚,广嘉汽车一站式维修服务公司,020-66345668,{'普通洗车': 30.0, '划痕喷漆(国产普通漆）': 350.0}
146,广东,番禺区,番禺区南村镇市新路665号,朱丽明,瑞智名车维修,020-84762338,{'普通洗车': 30.0, '去污打蜡': 180.0, '水晶打蜡': 280.0, '抛光打蜡': 580.0, '内饰干洗': 580.0, '臭氧消毒': 80.0, '前挡玻璃磨泥': 50.0, '前挡玻璃镀膜': 168.0}
144,广东,番禺区,广州市番禺区钟村长江数码花园一座首层34号之一,黄晓东,她购汽车美容连锁佳泰店,020-84518218,{'普通洗车': 35.0}
161,广东,番禺区,番禺区市广路40号钟三村路段,李盛彬,万路驰钟村禺鸿店,020-31124372,{'普通洗车': 30.0}
4005,广东,增城区,中新镇中新小学对面,魏兰兰,姿霖专业汽车美容会所,13822247136,{'普通洗车': 30.0, '去污打蜡': 150.0, '水晶打蜡': 180.0, '抛光打蜡': 290.0, '内饰干洗': 280.0, '臭氧消毒': 100.0, '前挡玻璃磨泥': 35.0, '前挡玻璃镀膜': 120.0}
728,广东,增城区,永顺大道东33、34号（原回味鸡快餐厅）,null,畅途汽车永和店,020-32856416,{'普通洗车': 35.0, '前挡玻璃磨泥': 35.0, '前挡玻璃镀膜': 128.0}
137,广东,番禺区,番禺区五羊茶叶城内（7天酒店旁）,钟国英,K7(小拇指）汽车,020-61962068,{'普通洗车': 30.0, '划痕喷漆(国产普通漆）': 300.0, '特惠-全车镀晶': 1680.0, '特惠-划痕喷漆(国产特种漆)': 350.0, '特惠-机油保养套餐': 130.0}
632,广东,番禺区,番禺区钟村钟四商业街8号,黄成业,成业汽车维修有限公司,13711241037,{'普通洗车': 35.0, '去污打蜡': 120.0, '臭氧消毒': 80.0, '水晶打蜡': 180.0, '抛光打蜡': 380.0, '内饰干洗': 380.0, '空调清洗除菌': 100.0}
138,广东,番禺区,番禺区祈福新村长华商业街1-6,黄英辉,管博士汽车服务祈福店,020-39145998,{'普通洗车': 30.0}
6877,广东,增城区,增城区新新六路333号正南方向200米,王浩威	,永涛汽车美容中心,13711303628,{'普通洗车': 30.0, '特惠-水晶打蜡': 280.0}
173,广东,番禺区,番禺区东环街兴学路141号,连向彪,骏晞汽车服务有限公司,020-84801028,{'普通洗车': 30.0}
1739,广东,黄埔区,小迳东路7号,覃艳春,百事特汽车服务连锁,13113353605,{'普通洗车': 30.0, '特惠-可视空调清洗套餐': 380.0}
4008,广东,增城区,中新镇府南二路6号,龚建光,穗江名车保养中心,13928961129,{'普通洗车': 38.0, '去污打蜡': 150.0, '水晶打蜡': 200.0, '抛光打蜡': 350.0, '内饰干洗': 280.0, '臭氧消毒': 88.0, '前挡玻璃磨泥': 35.0, '前挡玻璃镀膜': 120.0, '划痕喷漆(国产普通漆）': 300.0, '特惠-全车镀晶': 1988.0, '特惠-可视空调清洗套餐': 398.0}
804,广东,黄埔区,黄埔区南岗南康新村（盛发加油站）,文林春,永红汽车美容服务中心,18565282920,{'普通洗车': 30.0, '抛光打蜡': 380.0, '内饰干洗': 280.0, '前挡玻璃磨泥': 30.0}
817,广东,黄埔区,黄浦区沙溢村保沙路13号,麦兆康,亨盛汽车冷气护理服务部,020-32073468,{'普通洗车': 30.0, '水晶打蜡': 300.0}
2606,广东,黄埔区,黄埔区沙步村保沙路4号,周世丽,骏士汽车维修服务部,13570444027,{'普通洗车': 30.0, '内饰干洗': 350.0, '特惠-可视空调清洗套餐': 380.0, '特惠-刹车保养': 480.0, '特惠-内饰干洗': 350.0}
1700,广东,番禺区,番禺区石壁街105国道都那村路段19号,莫品善,广州龙汇汽车维修有限公司,020-39208351,{'普通洗车': 35.0, '去污打蜡': 200.0, '水晶打蜡': 200.0, '抛光打蜡': 398.0, '内饰干洗': 280.0, '空调清洗除菌': 150.0, '臭氧消毒': 80.0, '前挡玻璃磨泥': 40.0, '划痕喷漆(国产普通漆）': 350.0, '特惠-水晶打蜡': 280.0}
6512,广东,增城区,中新镇岗前街2号,潘总,鑫杰汽车维修有限公司,13798073315,{'普通洗车': 35.0}
802,广东,黄埔区,保沙路16号,麦美珍,新佳美汽车服务中心,13719376883,{'普通洗车': 30.0, '特惠-机油保养套餐': 380.0, '特惠-清洗油电路': 250.0}
1529,广东,番禺区,番禺区市新路新水坑段55号之13-18号,郭集水,机械手汽车维修中心,13202530800,{'普通洗车': 25.0, '去污打蜡': 180.0, '臭氧消毒': 80.0, '水晶打蜡': 280.0, '抛光打蜡': 480.0, '内饰干洗': 280.0, '空调清洗除菌': 160.0}
313,广东,黄埔区,富南路31号,谢雪芯,豪杰汽车广州康南店,13710482335,{'普通洗车': 35.0, '划痕喷漆(国产普通漆）': 350.0, '水晶打蜡': 180.0}
5248,广东,增城区,新塘镇新塘大道西801号之2,陈笑华,广州市增城辉速迅汽车美容中心,13560037633,{'普通洗车': 35.0, '内饰干洗': 380.0, '四轮定位': 120.0, '四轮换位': 80.0, '前挡玻璃磨泥': 35.0, '前挡玻璃镀膜': 120.0}
717,广东,番禺区,广州市番禺区东环街左边村桥兴大道480号,null,新干线富豪山庄店,020-39999231,{'普通洗车': 40.0}
5758,广东,番禺区,沙头街小罗村工业二街4好,李梓健,广州市德御行汽车服务中心,13427571554,{'普通洗车': 35.0, '去污打蜡': 188.0, '水晶打蜡': 238.0, '抛光打蜡': 480.0, '内饰干洗': 280.0}
142,广东,番禺区,番禺区市桥市广路518-522号（左边村委会往广州方向行300米）,谢锦健,名驹一站式汽车服务中心,18148778583,{'普通洗车': 30.0, '去污打蜡': 180.0, '水晶打蜡': 280.0, '抛光打蜡': 400.0, '内饰干洗': 400.0, '臭氧消毒': 80.0}
436,广东,番禺区,市新路东环街蔡一村铜鼓社自编南区21号铺,程友彭,普凌汽车一站式维修服务中心,020-28130202,{'普通洗车': 30.0, '水晶打蜡': 200.0, '划痕喷漆(国产普通漆）': 350.0, '特惠-水晶打蜡': 268.0, '特惠-内饰干洗': 288.0, '特惠-可视空调清洗套餐': 380.0}
6567,广东,增城区,永宁路新塘镇陂头村村民委员会,吴伯鑫,鼎丰汽车维修养护中心,13527711063,{'普通洗车': 35.0, '特惠-水晶打蜡': 188.0, '特惠-可视空调清洗套餐': 380.0, '特惠-全车镀晶': 1888.0}
5762,广东,番禺区,大北路433号,袁博文,广州市路昌汽车贸易有限公司,13925111190,{'普通洗车': 40.0, '去污打蜡': 230.0, '水晶打蜡': 260.0, '抛光打蜡': 360.0, '内饰干洗': 360.0, '空调清洗除菌': 180.0, '划痕喷漆(国产普通漆）': 350.0}
5213,广东,番禺区,市新路140号,张志涛,名匠汽车,13719214688,{'普通洗车': 50.0, '划痕喷漆(国产普通漆）': 300.0}
128,广东,番禺区,广州市番禺区蔡二村同心小学斜对面,吴俊彪,博艺汽车美容,020-84666082,{'普通洗车': 30.0, '去污打蜡': 180.0, '水晶打蜡': 200.0, '内饰干洗': 280.0, '臭氧消毒': 80.0, '空调清洗除菌': 120.0}
112,广东,番禺区,番禺区西环路榄山第三工业1号,梁志文,览山汽车维修厂,020-84661078,{'普通洗车': 30.0, '去污打蜡': 150.0, '水晶打蜡': 280.0, '抛光打蜡': 350.0, '内饰干洗': 350.0, '臭氧消毒': 80.0, '空调清洗除菌': 120.0, '前挡玻璃磨泥': 35.0, '前挡玻璃镀膜': 128.0, '四轮换位': 80.0, '划痕喷漆(国产普通漆）': 300.0}
2748,广东,增城区,广州市增城区新塘镇新塘大道401号西洲路口,刘攀,比佛利汽车一站式服务,020-61716068,{'普通洗车': 40.0, '水晶打蜡': 200.0}
5722,广东,增城区,新塘镇白江村田吓耙岭二路36号,赖金罗,魅影汽车美容有限公司,13928922269,{'普通洗车': 38.0, '水晶打蜡': 380.0, '去污打蜡': 280.0, '臭氧消毒': 180.0, '抛光打蜡': 680.0, '内饰干洗': 380.0, '空调清洗除菌': 398.0}
151,广东,番禺区,番禺区市桥街白沙路107号,王飞雄,祥亮汽车美容中心,020-39992377,{'普通洗车': 30.0, '去污打蜡': 180.0, '臭氧消毒': 80.0, '空调清洗除菌': 120.0}
149,广东,番禺区,番禺区东环路立交西23号,张庄,路丰汽车维修养护店,020-84878910,{'普通洗车': 40.0, '去污打蜡': 180.0, '臭氧消毒': 80.0, '水晶打蜡': 380.0, '抛光打蜡': 580.0, '内饰干洗': 480.0, '固体车蜡': 120.0, '特惠-水晶打蜡': 380.0}
150,广东,番禺区,番禺区市桥捷进路37号,梁志媛,捷俊汽车维修服务中心,020-28653686,{'普通洗车': 35.0, '去污打蜡': 120.0, '臭氧消毒': 85.0, '水晶打蜡': 250.0, '抛光打蜡': 350.0, '内饰干洗': 230.0, '空调清洗除菌': 180.0, '特惠-水晶打蜡': 250.0, '特惠-全车镀晶': 1598.0}
4078,广东,增城区,新塘镇107国道新康花园北门田吓耙岭3路5-6号,梁建华,利堡汽车服务中心,020-82882219,{'普通洗车': 30.0, '去污打蜡': 180.0, '水晶打蜡': 200.0, '抛光打蜡': 500.0, '内饰干洗': 280.0, '臭氧消毒': 88.0, '空调清洗除菌': 100.0, '前挡玻璃磨泥': 30.0, '前挡玻璃镀膜': 120.0, '特惠-抛光打蜡': 480.0, '特惠-可视空调清洗套餐': 380.0, '划痕喷漆(国产普通漆）': 300.0}
787,广东,番禺区,市桥东环路393号之八铺位（芭比酒吧隔壁路口进入）,谭玲,畅途汽车市桥东环路店,020-39259959,{'普通洗车': 35.0, '前挡玻璃磨泥': 35.0, '前挡玻璃镀膜': 128.0}
140,广东,番禺区,番禺区大北路420号,唐兴隆,管博士汽车服务连锁,020-34815777,{'普通洗车': 30.0}
4976,广东,从化区,从化区街口街凤仪西路一巷11栋106、107铺  ,陆兆麟,广州车盛汇汽车护理中心,13926112076,{'普通洗车': 35.0, '水晶打蜡': 200.0}
462,广东,番禺区,番禺区沙头街横江村横江商业街自编4号107-109,郑晓勇,亮捷汽车维修有限公司横江店,13527799949,{'普通洗车': 30.0}
402,广东,从化区,从化市街口街中田西路48号,杜鹃,舜景汽车美容中心,13711696333,{'普通洗车': 35.0, '去污打蜡': 180.0, '水晶打蜡': 240.0, '抛光打蜡': 420.0, '臭氧消毒': 80.0, '空调清洗除菌': 100.0, '昆仑机油保养工时费': 150.0, '特惠-全车镀晶': 1280.0, '特惠-水晶打蜡': 180.0}
7183,广东,从化区,街口街中田西路40号,李锌健,尊卡汇汽车养护有限公司,13926132806,{'普通洗车': 35.0}
1469,广东,从化区,从化区蓝田西路60至68号,曾洁娥,车之美汽车服务中心,020-87971318,{'普通洗车': 40.0, '去污打蜡': 180.0, '水晶打蜡': 240.0, '抛光打蜡': 480.0, '内饰干洗': 420.0, '臭氧消毒': 80.0, '空调清洗除菌': 100.0}
484,广东,从化区,从化区城郊街宝成路56号,周小姐,靖得志汽车贸易有限公司,020-37916138,{'普通洗车': 40.0}
139,广东,番禺区,番禺区富华东路130-138号,李兰花,管博士汽车服务有限公司吾爱店,020-84661767,{'普通洗车': 30.0}
124,广东,番禺区,广州番禺区市桥富华东路11号-14号,朱婉红,飞马专业维修中心,020-84894885,{'普通洗车': 30.0, '划痕喷漆(国产普通漆）': 300.0}
306,广东,增城区,增城区新新大道南99号,聂笑芬,立星汽车服务中心,020-61714938,{'普通洗车': 40.0, '特惠-水晶打蜡': 280.0, '特惠-可视空调清洗套餐': 350.0}
171,广东,番禺区,番禺市桥富华东路沙乐大街39号,吴总,广州比佛利汽车专业养护馆,020-39183035,{'普通洗车': 30.0, '划痕喷漆(国产普通漆）': 350.0}
798,广东,番禺区,番禺区大龙街傍江西村城区大道124号之6旧水坑车站旁,黄玉莹,伟信汽车维修中心,13060933300,{'普通洗车': 30.0, '划痕喷漆(国产普通漆）': 350.0, '去污打蜡': 150.0, '水晶打蜡': 200.0, '抛光打蜡': 450.0, '内饰干洗': 400.0, '臭氧消毒': 60.0, '空调清洗除菌': 80.0, '前挡玻璃磨泥': 50.0}
5535,广东,番禺区,大龙街富怡路傍西村段8号之2,欧锋,宝信汽车维修中心,13533975587,{'普通洗车': 38.0, '水晶打蜡': 200.0, '臭氧消毒': 100.0, '抛光打蜡': 380.0, '内饰干洗': 380.0, '空调清洗除菌': 100.0, '前挡玻璃磨泥': 60.0, '前挡玻璃镀膜': 180.0, '保养工时费+普通机油格': 100.0, '四轮定位': 180.0, '四轮换位': 80.0}
4022,广东,增城区,新塘镇广深大道中216号（顶好大厦对面）,谭功超,广州市捷豪汽车维修服务有限公司,020-82799810,{'普通洗车': 30.0, '去污打蜡': 150.0, '水晶打蜡': 200.0, '抛光打蜡': 300.0, '内饰干洗': 300.0, '前挡玻璃磨泥': 35.0, '前挡玻璃镀膜': 120.0, '特惠-水晶打蜡': 680.0, '特惠-内饰干洗': 450.0}
4002,广东,增城区,新塘港口大道315号,曹丁珠,力驰多汽车养护有限公司,020-61376382,{'普通洗车': 35.0, '去污打蜡': 150.0, '水晶打蜡': 180.0, '内饰干洗': 380.0, '抛光打蜡': 380.0, '臭氧消毒': 120.0}
6563,广东,增城区,新塘镇汇美金都路59号1-2-3,郭仕亭,金侨汽车精洗服务部,18826053263,{'普通洗车': 35.0}
753,广东,番禺区,解放路300号,null,畅途汽车西城花园店,020-84603906,{'普通洗车': 35.0, '前挡玻璃磨泥': 35.0, '前挡玻璃镀膜': 128.0}
6509,广东,增城区,新塘镇新塘大道中130号16-20,钟小凤,嘉博士汽车一站式服务,15816375589,{'普通洗车': 35.0}
822,广东,番禺区,番禺区市桥镇平康路328号,华哥,博维汽车维修服务有限公司,020-84700123,{'普通洗车': 30.0, '特惠-划痕喷漆(国产特种漆)': 350.0, '特惠-全车镀晶': 2600.0}
423,广东,从化区,从化区江浦街河东北路1号,叶伟光,毅勇汽车维修养护一体中心,020-87976399,{'普通洗车': 40.0, '划痕喷漆(国产普通漆）': 300.0}
635,广东,番禺区,番禺区桥南街南堤西路17号,陈敏,爵士汽车美容维修保养一站式服务,15800240303,{'普通洗车': 35.0}
800,广东,番禺区,番禺区石基镇大龙街市莲路傍江西村段17号,陈贵涛,美驹汽车维修有限公司,18200633805,{'普通洗车': 30.0, '划痕喷漆(国产普通漆）': 350.0, '去污打蜡': 180.0, '水晶打蜡': 200.0, '抛光打蜡': 400.0, '内饰干洗': 300.0, '臭氧消毒': 150.0, '空调清洗除菌': 120.0, '前挡玻璃磨泥': 150.0}
2746,广东,增城区,新塘镇汇太东路富雅都市华庭销售中心17号,刘志杨,车上人间汽车美容服务会所,15622718188,{'普通洗车': 30.0, '去污打蜡': 150.0, '内饰干洗': 380.0, '臭氧消毒': 110.0}
7933,广东,番禺区,大龙街市莲路傍江东段64号,朱宗权,悦宝行汽车维修有限公司,15999934198,{'普通洗车': 35.0, '去污打蜡': 288.0, '水晶打蜡': 388.0, '抛光打蜡': 588.0, '内饰干洗': 480.0, '臭氧消毒': 120.0}
129,广东,番禺区,番禺区桥南街南堤西路71号102,叶永钊,钊悦快修养护,13711333198,{'普通洗车': 30.0}
570,广东,从化区,从化区向阳北路第七中学门口斜对面,李生,车港湾一站式服务中心,13710799320,{'普通洗车': 30.0, '去污打蜡': 180.0, '水晶打蜡': 240.0, '抛光打蜡': 480.0, '内饰干洗': 460.0, '臭氧消毒': 100.0, '空调清洗除菌': 120.0, '前挡玻璃镀膜': 180.0, '前挡玻璃磨泥': 30.0}
456,广东,番禺区,广州市番禺区市桥桥南街德贤路1号铺,李勇,爱哥邦美容服务中心桥南店,020-34585517,{'普通洗车': 50.0}
7605,广东,从化区,江埔街环市东路335号101铺,肖丽娟,威泰汽车服务,13533121757,{'普通洗车': 35.0, '划痕喷漆(国产普通漆）': 300.0}
1887,广东,增城区,增城区新塘汇太东路200号,阳飞,金御马汽车美容生活馆,15913190945,{'普通洗车': 30.0, '去污打蜡': 280.0, '水晶打蜡': 380.0, '内饰干洗': 380.0, '臭氧消毒': 80.0, '空调清洗除菌': 80.0}
117,广东,番禺区,广州市番禺区大龙街汉基广场B座101号,任玉战,赛浪汽车服务连锁,020-31130668,{'普通洗车': 40.0, '去污打蜡': 280.0, '水晶打蜡': 380.0, '臭氧消毒': 80.0}
403,广东,从化区,从化区街口街河东南路171号,陈丽燕,新隆汽车快修厂,020-87974336,{'普通洗车': 40.0, '水晶打蜡': 200.0, '划痕喷漆(国产普通漆）': 300.0, '昆仑机油保养工时费': 150.0, '臭氧消毒': 80.0}
103,广东,番禺区,番禺区沙湾西环路东侧迪卡侬对面,卢海花 ,爱车爱家汽车综合服务连锁集团,020-84740818,{'普通洗车': 40.0, '去污打蜡': 150.0, '水晶打蜡': 260.0, '抛光打蜡': 380.0, '内饰干洗': 380.0, '臭氧消毒': 80.0, '空调清洗除菌': 150.0, '前挡玻璃磨泥': 50.0, '划痕喷漆(国产普通漆）': 300.0}
449,广东,番禺区,番禺大龙街傍江西村亚运大道花花世界51号,谢云飞,飞达汽车养护中心,18028575769,{'普通洗车': 40.0, '水晶打蜡': 200.0, '划痕喷漆(国产普通漆）': 350.0}
1886,广东,增城区,增城区新塘镇石新大道242号（牛仔城1号）,雷观连,无懈可击汽车维修养护中心,13609733218,{'普通洗车': 40.0, '去污打蜡': 280.0, '臭氧消毒': 80.0, '空调清洗除菌': 80.0}
8664,广东,番禺区,广州市番禺区德贤路90号（星辰时代豪庭东1门商铺）,任弟,畅途（德贤店）,13825034457,{'普通洗车': 40.0, '水晶打蜡': 280.0, '臭氧消毒': 80.0}
649,广东,番禺区,番禺区沙湾镇龙岐路169号,刘嘉键,车之骏汽车美容服务部,13316014621,{'普通洗车': 35.0, '去污打蜡': 200.0, '水晶打蜡': 200.0, '抛光打蜡': 560.0, '内饰干洗': 280.0, '臭氧消毒': 60.0, '空调清洗除菌': 180.0, '前挡玻璃磨泥': 50.0, '昆仑机油保养工时费': 150.0}
211,广东,番禺区,番禺区市桥桥南街南城路282号1层101,陈先生,爱车侠一站式汽车服务中心,17728164399,{'普通洗车': 50.0, '去污打蜡': 238.0, '水晶打蜡': 360.0, '抛光打蜡': 680.0, '内饰干洗': 580.0, '臭氧消毒': 80.0, '前挡玻璃磨泥': 50.0, '昆仑机油保养工时费': 150.0, '固体车蜡': 120.0, '特惠-水晶打蜡': 360.0, '特惠-可视空调清洗套餐': 480.0, '特惠-全车镀晶': 1680.0, '划痕喷漆(国产普通漆）': 300.0}
1885,广东,增城区,新塘镇牛仔城一路31号,郭厂长,广州立胜汽车维修服务有限公司,13710146990,{'普通洗车': 40.0, '去污打蜡': 280.0, '划痕喷漆(国产普通漆）': 300.0, '水晶打蜡': 280.0, '抛光打蜡': 380.0, '内饰干洗': 350.0}
638,广东,增城区,增城区新塘镇铁塔锦绣新天地东门出口花园商铺13号121-123号,黎敬欢,微马汽车美容服务有限公司,020-32632663,{'普通洗车': 40.0, '臭氧消毒': 80.0}
648,广东,增城区,广州市增城区新塘镇沙埔荔富商贸城商业街2-4号,秀云,增城祥骏汽车服务店,020-82958886,{'普通洗车': 35.0}
625,广东,增城区,广州市增城区新塘镇新塘大道铁塔路,何练彬,增城区泓通汽车维修厂,13809280802,{'普通洗车': 35.0, '去污打蜡': 280.0, '水晶打蜡': 280.0, '抛光打蜡': 380.0, '内饰干洗': 380.0, '空调清洗除菌': 120.0, '臭氧消毒': 98.0, '昆仑机油保养工时费': 150.0, '特惠-全车镀晶': 1880.0, '特惠-可视空调清洗套餐': 380.0, '划痕喷漆(国产普通漆）': 300.0}
5780,广东,从化区,环市东路543号,朱海强,源动力汽车维修服务部,13533959992,{'普通洗车': 35.0, '划痕喷漆(国产普通漆）': 280.0, '保养工时费+普通机油格': 120.0, '水晶打蜡': 180.0}
754,广东,番禺区,石楼镇崇山路8号路段厂房自编之一,null,畅途汽车石楼店,020-85821974,{'普通洗车': 35.0, '前挡玻璃磨泥': 35.0, '前挡玻璃镀膜': 128.0}
450,广东,番禺区,番禺区桥南街陈涌村兴业大道东29号105-114（陈涌小学附近）,刘玉兰,宝驰凯美容护理中心,18924163880,{'普通洗车': 40.0, '去污打蜡': 180.0, '水晶打蜡': 200.0, '抛光打蜡': 480.0, '内饰干洗': 380.0, '臭氧消毒': 100.0, '划痕喷漆(国产普通漆）': 300.0, '前挡玻璃磨泥': 30.0}
1805,广东,增城区,新塘镇白石村白石路135号,谢燕霞,车铂仕汽车维护中心,13711710954,{'普通洗车': 40.0, '去污打蜡': 180.0, '水晶打蜡': 220.0, '抛光打蜡': 380.0, '内饰干洗': 320.0, '臭氧消毒': 100.0, '空调清洗除菌': 100.0, '前挡玻璃磨泥': 60.0, '划痕喷漆(国产普通漆）': 300.0}
637,广东,番禺区,番禺区石楼镇建发广场A5-A9铺,刘小姐,百援爱车精养石楼店,020-31076534,{'普通洗车': 35.0}
6490,广东,增城区,新塘镇巷口村沙浦大道东兴路10号,吴锐兵,力森汽车维修美容店,13809281513,{'普通洗车': 35.0, '划痕喷漆(国产普通漆）': 300.0}
646,广东,增城区,广州市增城区新塘镇新沙大道北31号,何国亮,广州天又天名车维修中心,020-82708911,{'普通洗车': 35.0}
400,广东,番禺区,广州市番禺区石楼镇石清公路52号,王浩,广州朋友圈汽车服务有限公司,020-29895174,{'普通洗车': 40.0, '去污打蜡': 220.0, '水晶打蜡': 280.0, '内饰干洗': 380.0, '臭氧消毒': 80.0, '前挡玻璃磨泥': 30.0, '划痕喷漆(国产普通漆）': 350.0}
805,广东,番禺区,番禺区番禺大道北自编670号,陈贤明,酬信汽车维修美容服务中心,13068888872,{'普通洗车': 35.0}
5782,广东,从化区,江浦街环市东路1109号101铺,肖景清,车致炫汽车美容服务中心,13428287128,{'普通洗车': 35.0, '水晶打蜡': 280.0, '臭氧消毒': 88.0, '空调清洗除菌': 198.0}
720,广东,南沙区,东涌镇东发二区1号楼38-46号铺,谭玲,畅途汽车东涌店,020-39010841,{'普通洗车': 35.0, '前挡玻璃磨泥': 35.0, '前挡玻璃镀膜': 128.0}
573,广东,南沙区,南沙区榄核镇滘新路2号,啊君,浩骏汽车维修厂,020-39142772,{'普通洗车': 40.0, '划痕喷漆(国产普通漆）': 300.0}
457,广东,南沙区,南沙区禾花街长江数码花园旁,冯妃任,车尔顺汽车维修部 ,020-84921321,{'普通洗车': 30.0}
6440,广东,南沙区,榄核镇广珠路205号,李会兰,小兰蒸汽洗车,15918494568,{'普通洗车': 30.0, '水晶打蜡': 180.0}
4043,广东,增城区,增城区荔城府佑路308号,张晋铭,靓车坊汽车服务有限公司,13826649990,{'普通洗车': 35.0, '去污打蜡': 200.0, '水晶打蜡': 280.0, '抛光打蜡': 450.0, '内饰干洗': 380.0, '臭氧消毒': 80.0, '空调清洗除菌': 150.0}
461,广东,南沙区,南沙区大岗灵山环城东路57-67号,郑晓勇,亮捷汽车维修有限公司,020-31161833,{'普通洗车': 35.0, '去污打蜡': 180.0, '臭氧消毒': 80.0, '水晶打蜡': 280.0, '抛光打蜡': 380.0, '内饰干洗': 380.0, '空调清洗除菌': 120.0, '特惠-水晶打蜡': 188.0}
307,广东,增城区,增城区锦绣御景苑一期怡景街18号,潘祖培,立星汽车服务中心（荔城店）,020-82724812,{'普通洗车': 30.0}
309,广东,增城区,广州市增城市荔城街开园路西一巷22号（即花园一品粥斜对面）,刘紫铭,洁护汽车美容服务中心,13822120206,{'普通洗车': 30.0, '昆仑机油保养工时费': 150.0, '水晶打蜡': 180.0, '去污打蜡': 120.0, '臭氧消毒': 80.0}
644,广东,增城区,增城区荔城街富力路8号,郑伟光,车富仕汽车美容服务中心,18928986819,{'普通洗车': 35.0}
6320,广东,增城区,石滩镇郑新西路12号,赖伟健,铭汇汽车美容中心,13676291302,{'普通洗车': 30.0, '去污打蜡': 180.0, '水晶打蜡': 180.0, '内饰干洗': 360.0, '臭氧消毒': 88.0, '空调清洗除菌': 80.0}
8945,广东,南沙区,黄阁镇黄梅路湖田小区15排1号,卢冰,尊车派汽车美容装饰养护服务中心,18826074810,{'普通洗车': 35.0, '特惠-水晶打蜡': 99.0, '特惠-可视空调清洗套餐': 298.0}
1829,广东,增城区,增城区增江大道中9号之十（汇景花园）,夏志帆,据点汽车美容中心,13450407778,{'普通洗车': 30.0, '去污打蜡': 120.0, '水晶打蜡': 180.0, '抛光打蜡': 350.0, '内饰干洗': 350.0, '臭氧消毒': 80.0, '前挡玻璃镀膜': 25.0}
751,广东,南沙区,蕉门牌坊春风巷16号,店长,畅途汽车蕉门店,020-31158172,{'普通洗车': 35.0, '前挡玻璃磨泥': 35.0, '前挡玻璃镀膜': 128.0}
855,广东,南沙区,南沙区进港大道西（蕉门地铁站）公交站,刘飞,爱车港汽车服务中心（区府店）,020-39071899,{'普通洗车': 35.0, '划痕喷漆(国产普通漆）': 350.0, '去污打蜡': 150.0, '水晶打蜡': 228.0, '抛光打蜡': 398.0, '内饰干洗': 298.0, '臭氧消毒': 100.0, '前挡玻璃磨泥': 30.0, '昆仑机油保养工时费': 150.0}
311,广东,增城区,增城区石滩镇三江城西开发区111-118号(新供电所对面）,吴金凤,爽洁汽车一站式汽车维修服务中心,020-82910108,{'普通洗车': 30.0, '去污打蜡': 180.0, '水晶打蜡': 260.0, '抛光打蜡': 368.0, '内饰干洗': 298.0, '臭氧消毒': 60.0, '空调清洗除菌': 100.0, '前挡玻璃磨泥': 50.0, '前挡玻璃镀膜': 80.0, '划痕喷漆(国产普通漆）': 300.0}
6508,广东,增城区,石滩镇三江荔三路312号,姚闪光,千车集汽车美容养护中心,15018779670,{'普通洗车': 35.0}
425,广东,南沙区,环市大道金洲巷33号,邓秀娟,狮王汽车维修服务有限公司金洲店,020-84970307,{'普通洗车': 40.0, '去污打蜡': 198.0, '水晶打蜡': 288.0, '抛光打蜡': 480.0, '内饰干洗': 350.0, '臭氧消毒': 80.0, '前挡玻璃磨泥': 30.0}
752,广东,南沙区,南沙区环市大道中487号附近,null,畅途汽车滨海半岛店,020-32092083,{'普通洗车': 35.0, '前挡玻璃磨泥': 35.0, '前挡玻璃镀膜': 128.0}
1078,广东,南沙区,广州市南沙区金岭北路130号,刘煜,顺诚汽车护理服务部,18988838060,{'普通洗车': 35.0}
723,广东,南沙区,进港大道蝴蝶洲居委会,店长,畅途汽车南沙碧桂园店,020-34669292,{'普通洗车': 35.0, '前挡玻璃磨泥': 35.0, '前挡玻璃镀膜': 128.0}
427,广东,南沙区,进港大道302号明珠花园首层,贾萍,壹号线汽车服务连锁015分店,020-84681886,{'普通洗车': 45.0}
424,广东,南沙区,南沙区进港大道320号（美福花园）,玲姐,创诚汽车服务中心,020-39910995,{'普通洗车': 30.0, '空调清洗除菌': 120.0, '去污打蜡': 188.0, '臭氧消毒': 88.0, '前挡玻璃磨泥': 50.0}
857,广东,南沙区,南沙区白藤滘龟山街1号,刘飞,爱车港汽车服务中心（时代长岛店）,18922761708,{'普通洗车': 35.0, '划痕喷漆(国产普通漆）': 350.0, '去污打蜡': 150.0, '水晶打蜡': 228.0, '抛光打蜡': 398.0, '内饰干洗': 298.0, '臭氧消毒': 100.0, '前挡玻璃磨泥': 30.0, '昆仑机油保养工时费': 150.0}
1832,广东,南沙区,南沙区金岭南路万汇商铺13-16铺,林杰浩,辽野星韵汽车护理中心,15768673927,{'普通洗车': 30.0, '去污打蜡': 180.0, '水晶打蜡': 280.0, '抛光打蜡': 400.0, '内饰干洗': 380.0, '臭氧消毒': 120.0, '空调清洗除菌': 150.0, '前挡玻璃磨泥': 80.0}
1038,广东,南沙区,广州市南沙区金岭南路366号百乐广场,黎子程,誉通汽车一站式服务中心,15920436266,{'普通洗车': 35.0, '水晶打蜡': 268.0, '抛光打蜡': 498.0, '内饰干洗': 430.0, '前挡玻璃磨泥': 30.0, '臭氧消毒': 98.0}
856,广东,南沙区,南沙区环市西路182号,刘飞,爱车港汽车服务中心（塘坑店）,18922761708,{'普通洗车': 35.0, '划痕喷漆(国产普通漆）': 350.0, '去污打蜡': 150.0, '水晶打蜡': 228.0, '抛光打蜡': 398.0, '内饰干洗': 298.0, '臭氧消毒': 100.0, '前挡玻璃磨泥': 30.0, '昆仑机油保养工时费': 150.0}
5215,广东,南沙区,广利路优山悦海小区（华师附小旁）,曾佳伟,乐迪汽车养护中心,15800280221,{'普通洗车': 40.0}
88,广东,天河区,天河区燕岭路585号,黎雯雯,广州市锦辉汽车维修服务有限公司,020-87089937,{'普通洗车': 25.0, '划痕喷漆(国产普通漆）': 350.0}
