创梦汽车修理服务部,15351437907,成都,都江堰市玉堂镇玉府街793号,09:00-18:00,
美车汽车美容养护中心,13398316110,成都,简阳市红建路南段2幢200-202号,09:00-18:00,
爱车先锋美容养护中心,13819806653,成都,简阳市红建路南段2幢200-202号,09:00-18:00,
靓车洁汽车美容连锁机构（简阳店）,15983336869,成都,简阳市建设中路169-附4号,09:00-18:00,
宏通轿车维修中心,13982911726,成都,简阳市安象街110号,08:00-18:00,
爱车汽修厂,18081690633,成都,简阳市银河路217号1层,09:00-18:00,
咏昌汽贸,02884998988,成都,金堂县淮口镇州城大道248号,09:00-18:00,
佳通轮胎(车爵士汽车美容店),15828036173,成都,龙泉驿区鲸龙路14号（鲸龙路与星光东路交叉口）,07:40-19:20,
爱车之族,15828185860,成都,龙泉驿区建材路89号（速8酒店旁）,06:00-18:00,
车魔亿家汽车美容酷装店,13882230558,成都,龙泉驿区兴茂东街340号,09:00-18:00,
鑫芮心汽车,15008447059,成都,龙泉驿区兴源上街66号,09:00-18:00,
宏音汽车装饰,18702888105,成都,金堂县新龙路10号,09:00-18:00,
炬鑫汽车服务中心,18982109080,成都,龙泉驿区翠柳街与驿都大道西路交叉口西南100米,08:30-19:00,
安乐途汽修中心,13488939499,成都,龙泉驿区大面镇翠柳街80号,09:00-18:30,
渭城31汽车美容生活馆,18190818951,成都,金堂县滨江路一段347号,09:00-18:00,
腾杰汽车装饰,13693464273,成都,金堂县金泉路186号,09:00-18:00,
嘉实多（赤兔养车南湖左岸店）,17311210313,成都,双流区华阳街道美岸路三段302号,09:00-18:00,
畅洁汽车潮车馆,18000599582,成都,金堂县迎宾大道1段-292,09:00-18:00,
名城汽车美容服务,18980951199,成都,金堂县朝阳街36号,09:00-18:00,
3M金磊汽车精品装饰美容中心,13980951528,成都,双流区双流县华阳镇二江路二段38-50号,09:00-18:00,
典典养车（富民路店）,18113191958,成都,双流区富民路四段与富阳二街交叉口东北50米,09:00-18:00,
星睿龙快修汽车服务连锁,13550316888,成都,金堂县康宁街(金堂中学对面),09:00-18:00,
宇霖美车,18181444733,成都,金堂县赵镇金堂大道997号3栋1层,09:00-18:00,
快车手汽车美容行,15882130454,成都,双流区华阳镇富民路三段68号,09:00-18:00,
蜀兴汽车美容养护中心,13438122973,成都,龙泉驿区明蜀路114号（成都大学东门对面）,09:00-18:00,
精典汽车（金堂店）,02864497877,成都,金堂县金沙街321-323号,09:00-18:00,
东升洗车美容中心,18980844009,成都,双流区中和一街与学苑路交叉口西北50米,08:00-19:00,
佳洁汽车会所,13880935371,成都,金堂县赵镇金园街75号,08:00-19:00,
嘉信宝驰汽车维修服务中心,15308232013,成都,双流区新希望大道二段18号,09:00-18:00,
和美汽车美容装饰行,15928195220,成都,双流区中和镇中和大道46号（中和医院旁）,08:00-20:00,
美国固铂轮胎（车宇汽修）,15828084818,成都,双流区中和镇仁和路219号,09:00-18:00,
中国石油汽车服务中心,15828095130,成都,金堂县十里大道一段528号,08:00-18:00,
波仕卡（双流店）,18080457458,成都,双流区安公路一段126号,08:00-20:00,
聚蓉宏宇汽车服务中心,18982157180,成都,双流区安公路一段82号,08:30-19:00,
小拇指汽车微修（龙泉驿店）,028-69150758,成都,龙泉驿区三环路航天立交外侧100米,08:30-18:30,
华易汽车服务站,18908090843,成都,双流区华阳街道新希望大道二段192号（音乐花园5号门对面）,09:00-18:00,
卡卡汽车生活馆（左岸花都店）,19950967602,成都,双流区华府大道一段8号（左岸花都南2门）,08:00-19:00,
太阳红汽车服务有限公司,13086699827,成都,龙泉驿区友谊东路43号,09:00-18:00,
嘉实多（赤兔养车）,15308032432,成都,双流区协和街道剑和路一段312号,09:00-18:00,
利驰A Home汽车@家,18302830507,成都,锦江区成龙路街道国槐街1272号,08:00-19:00,
和盛唐汽车服务,02886944369,成都,锦江区经天中路369号,09:00-18:00,
锐宝汽车美容养护中心,13708013910,成都,双流区锦江路四段388号,09:00-18:00,
车5门（琉璃店）,13548167250,成都,锦江区琉璃一街146号,08:30-18:00,
华鑫专业汽车美容,13880959234,成都,锦江区琉璃一街76号附2号,09:00-18:00,
金典汽车美容服务,15982051604,成都,锦江区晨辉一街33号,09:00-18:00,
晖腾汽车维修有限公司,13982229221,成都,锦江区净居寺路20号附102号,09:00-18:00,
马立可汽车中心（精通店）,18980066561,成都,锦江区琉璃场柳翠路90号,09:00-18:00,
嘉实多（来龙汽车维修中心）,13550167634,成都,成华区龙潭寺成康路40号附28号,08:10-19:00,
美车居汽车美容中心,18380378858,成都,成华区和顺西二路62号,08:00-19:30,
车乐部汽车生活,13880872473,成都,成华区龙潭寺成康路40号附18号,09:00-18:00,
爱车汇汽车生活馆,18117829939,成都,青白江区朝阳北路93号,06:00-18:00,
景记汽车维修服务部,18781948624,成都,青白江区祥福镇同心南街13号,07:00-22:00,
博奥汽车专业美容保养,15928987082,成都,成华区经华北路19号附19-22号,08:00-19:00,
众意洗车美容,13608009280,成都,武侯区火车南站西路17号2栋附11号,08:00-18:00,
派多客精洗美容装饰,13811578223,成都,武侯区成汉北路260号（1号公馆负一层商业停车场）,09:00-19:20,
洪洁汽车美容中心,13981983768,成都,武侯区火车南站西路21号桂溪南站加油站左侧100米,09:00-18:00,
德胜名车维修中心,13668238048,成都,武侯区府城大道788号,08:30-18:00,
广博宝驹车业,13540458487,成都,新都区泰兴镇将军西街43号（泰兴派出所中国电信营业旁）,06:00-18:00,
蜀车行汽车服务中心,13882292006,成都,锦江区水碾河路48号（娇子音乐厅停车场内）,08:00-19:00,
精洗之家汽车美容会所,17602859693,成都,成华区新鸿路与建设南新路往南500米,09:00-18:00,
美轮美汽车养护中心,15184333963,成都,成华区玉双路3号附50号,08:00-18:30,
左邻锦誉车业,028-84422910,成都,成华区建和路6号附62号,09:00-18:00,
水舞天车,13980021382,成都,成华区新鸿路91号,08:00-18:30,
天和名车维修保养中心,18908089555,成都,双流区黄河中路一段304号,08:30-18:00,
成都三省汽车,15198252500,成都,成华区新鸿路91号,09:00-18:00,
渼邦汽车(武侯区店),15198074528,成都,武侯区润新花园A区2栋1层5号（东北门右侧200米）,08:00-20:30,
雅朗和美,18702811846,成都,武侯区新乐路97号,09:00-18:00,
斯美迪车臣服务中心,13699066716,成都,成华区一环路东二段7号附5号（华联对面天桥下）,09:00-18:00,
新川汽修,13880872220,成都,成华区二环路东一段18号（新川汽修院内）,09:00-18:00,
成都迎聚汽车服务有限公司,18980866966,成都,武侯区文昌路646号,08:30-18:30,
斯美迪汽车连锁（玉沙店）,18782191217,成都,锦江区七家巷43号,08:00-18:30,
海星汽车服务中心,028-86523788,成都,锦江区永兴巷15号（省政府综合楼院内停车场）,08:00-18:00,
精典汽车（青龙店）,15828288496,成都,成华区致顺南二街66号,08:00-19:00,
川信汽车美容养护中心,13699091036,成都,双流区学府路一段31号,09:00-18:00,
君临车行美容装饰养护中心,18980751285,成都,成华区云龙路99号,09:00-18:00,
领车汽车服务部,18302869558,成都,成华区西林街回归田园菜市场西南向100米,08:00-19:30,
恩卡汽车,17313212867,成都,成华区仁义路1号,09:00-18:00,
典典养车（仁义路店）,18980591509,成都,成华区仁义路57号,09:00-18:00,
赛浪快洁队（成华区店）,15884952775,成都,成华区仁义路33号,09:00-18:00,
A HOME 汽车@家,02883592553,成都,成华区东荆路842号,09:00-18:00,
群意洗车美容中心,13550044591,成都,金牛区解放路二段329号（明珠国际酒店内）,09:00-18:00,
猴王美容精洗中心,18512875738,成都,新津县花桥镇长绍街2号,08:00-19:00,
极美汽修,13666190404,成都,武侯区太平园C区佳灵路265号（世华灯饰城背后）,08:30-18:00,
四川车师傅汽车服务有限公司,17358598292,成都,双流区西航港街道常乐社区对面停车场左侧100米,09:00-18:00,
驹集地汽车护理中心（武侯店）,13308027465,成都,武侯区四线沟路凉水井社区1组100号,08:20-18:15,
轩驰汽车装饰美容中心,15208130810,成都,青白江区化工南路36-38号,09:00-18:00,
精典汽车（驷马桥店）,13408067791,成都,成华区羊子山路10号,09:00-18:00,
智能云汽车服务中心,18208807338,成都,成华区金科中心7幢负一楼G02号,09:00-18:00,
顶峰汽车美容,13547880630,成都,青白江区华金大道二段137-145号（青白江区交通局左200米）,09:00-18:00,
浣仙汽美中心,02886980222,成都,青羊区通锦桥路67号（敦煌酒店停车场内）,08:00-19:30,
帝意洗车美容中心,15882037747,成都,青白江区政府南路75号,09:00-18:00,
爱车之家（新津店）,13882082034,成都,新津县华林路147号,09:00-18:00,
鑫洁洗车,13880701074,成都,新都区育英路静安社3栋13号,08:00-18:00,
德国马牌（荣辉汽车美容服务部）,13540353614,成都,武侯区七里路1-7号,09:00-18:00,
京东京车会（赤兔养车簇桥店）,13547274946,成都,武侯区智达二路818号,08:30-18:30,
快乐容颜汽车养护中心,13699400070,成都,新津县希望路53号,08:00-18:00,
爱马堂,02865259359,成都,武侯区金花镇金履二路457号,09:00-18:00,
七特车会,13666222578,成都,新都区育英路79号,09:00-18:00,
睿配汽服,13219739856,成都,青羊区大石西路88号（石化加油站内）,09:30-18:00,
马立可汽车中心（聚荟店）,18280465501,成都,武侯区聚荟街446-448号,09:00-18:00,
车爵印象汽车美容中心,028-83652213,成都,青白江区政府北路80-92号,09:00-18:00,
酷车一族汽车装饰美容中心,15982803472,成都,新津县平顺路9号,09:00-18:00,
捷美达汽车服务中心,15502803179,成都,金牛区九里堤南路64号,08:00-19:30,
宇杰车爵仕快修服务,15308187779,成都,成华区八里桥路204号,09:00-18:00,
壳牌（兴百仕达汽车服务）,13408089995,成都,武侯区武侯大道顺江段68号,08:30-19:00,
琪华汽车,028-83896090,成都,武侯区七里路382-388号,09:00-18:00,
探路者汽车美容维修养护中心,15008455308,成都,青白江区同华大道1413号,09:00-18:00,
倍耐力（佳陆车航轮胎经营部）,15982385108,成都,成华区花径路276号,09:00-18:00,
嘉实多（阳晨汽车养护中心）,13550079859,成都,金牛区九里堤中路123号,09:00-18:00,
源益鑫汽车养护,17381586048,成都,武侯区金花街1号,08:00-20:00,
养车宝汽车养护中心,15328856751,成都,青羊区二环路西一段107号附3号,08:00-19:00,
车爵仕(清源上街店),13402845123,成都,新都区清源上街481号,09:00-18:00,
金骏汽修美容连锁,15928783822,成都,金牛区五块石玉赛路9号附45号,08:00-18:00,
江南汽车,13981962481,成都,新都区天海路121号,08:00-19:30,
嘉国汽修,18581999292,成都,新都区蜀龙大道北段1号金光路237号,09:00-18:00,
金牛区利豪汽车服务中心,13550382372,成都,金牛区营康路63号附32-35号,09:00-18:00,
金扳手汽配汽修服务站（青羊店）,18080821965,成都,青羊区磨底河沿街13号附9号,09:00-18:00,
城境汽车服务,13982072577,成都,金牛区天回镇天新路314号,07:00-19:00,
926快洗洗车坊,15982146669,成都,青羊区磨底河沿街101号附8-9号,08:00-19:00,
众援时代汽车服务连锁（水韵天府店）,13880657734,成都,金牛区王贾西街19号2栋附14号,09:00-18:00,
甘氏汽修美容连锁（九里堤店）,18908036026,成都,金牛区九里堤北路44号,06:00-18:00,
和诚汽车福特专修,02885366700,成都,武侯区武青东二路53号,09:00-18:00,
科雷汽车服务中心（泉水东苑店）,15928859959,成都,金牛区泉水东路8号,09:00-18:00,
车易家汽车美容装饰,13881780964,成都,金牛区沙河源南路1号附9-10号,09:00-18:00,
泊林美车,18282456398,成都,双流区东升街道涧槽中街59号9栋18号,09:00-18:00,
靓马汽车服务,17311238389,成都,青羊区同德街3号附9号,08:30-18:30,
嘉实多（红枫汽车海棠湾店）,13688448833,成都,双流区金河路3999号2幢1楼1号,09:00-18:00,
车之驿汽车美容装饰行,13550112669,成都,新都区宝光大道中段65号,09:00-18:00,
创马汇,18030689167,成都,武侯区机投东街11号,08:00-20:00,
顺车宝（琼楼路店）,13308085507,成都,青羊区琼楼路4号,09:00-18:00,
美光汽车美容中心,18080863621,成都,新都区香城大道华桂路32号,08:30-17:30,
港丰汽车服务有限公司,028-83988910,成都,新都区香城大道61号,09:00-18:00,
佳陆车航汽车服务连锁,13981936893,成都,金牛区长庆路5号附2号,09:00-18:00,
鑫干道汽修,18328603599,成都,金牛区长兰路6号,08:00-20:00,
启星汽车服务连锁（瑞星店）,18190901992,成都,青羊区瑞星路99号附18号,06:00-18:00,
尚品汽车养护中心,13402811939,成都,双流区东升街道五洞桥北二街198号,09:00-18:00,
金牛区爱佳汽修,13541234937,成都,金牛区同怡路6号附2号,06:00-18:00,
联达优特汽车美容中心,18828044952,成都,青羊区东坡街道东顺路174号附1号,09:00-18:00,
洗车人家（万中店）,18502865180,成都,青羊区培风路271号5栋1层8号,09:00-18:00,
车理念,18080089920,成都,新都区大丰保利春天花语仁爱路275号,09:00-18:00,
银骅汽车,A13880929137,成都,金牛区大丰蓉北路一段1号附1号,09:00-18:00,
嘉实多（骏城汽车维修服务有限公司）,13541023414,成都,武侯区光华南三路36号附3号,09:00-18:00,
引能仕（铁郎头车服务）,15680605067,成都,新都区互惠大道94-102号,09:00-18:00,
铁郎头汽车美容,18109031613,成都,新都区互惠大道107号,11:00-18:00,
舒耐特（成都锋铭工厂店）,15388197319,成都,双流区鸿雁路329号,09:00-18:00,
众仁汽修,18111610616,成都,青羊区联工村二组301号,09:00-18:00,
普利司通轮胎（天行汽修）,15208475114,成都,双流区双九路375-383号,09:00-18:00,
胜牌（任我行卓锦汽车服务）,18081167769,成都,新都区崇义桥街475号,08:30-19:00,
车世界汽车服务（新都店）,15184497956,成都,新都区大丰街道花满庭2期2幢116号,09:00-18:00,
申奥汽车服务有限公司,13980816734,成都,金牛区金科苑东街27附7号,08:00-20:00,
速洁专业洗车,13880616642,成都,蒲江县广定路108号,09:00-18:00,
东腾汽车养生馆,13551834751,成都,蒲江县朝阳大道309-311号（蒲东鼎城）,09:00-18:00,
乐宇欣汽车,028-87411778,成都,青羊区文光路与成飞大道交汇处向南100米,08:30-18:00,
舶来品汽车美容中心,18200006080,成都,金牛区清风路137-141号,09:00-18:00,
卷卷蒸汽精洗美容,13688061882,成都,蒲江县朝阳大道与顺城路交叉口东100米,07:40-18:30,
成都名瑞精典汽车,13881958908,成都,郫都区犀浦万福二街北段39号,09:00-18:00,
百事特酷车服务连锁,13408505841,成都,新都区斑竹园镇南岸路57号（明新国际新城停车场旁50米）,08:00-21:00,
杰斯特汽车,18380307774,成都,郫都区安靖镇解放街110号,08:30-19:00,
新都区长明汽车维修服务部,15198040913,成都,新都区斑竹园镇公益村4组新斑路507号,09:00-18:00,
群马汽车(文家场店),13982208826,成都,青羊区文家大道文和居正门对面50米,09:00-18:00,
迅洁车业养护修理中心,13540310008,成都,郫都区福梓路221号,09:00-18:00,
明海汽车一站式服务中心,13348866867,成都,郫都区百草路293号,09:00-18:00,
晨风汽修养护中心,13880851531,成都,金牛区天辰路101号（7天住宿左侧100米）,09:00-18:00,
宜佳车行,18349175765,成都,青羊区文乐二路49号,09:00-18:00,
车连众汽车维修中心,18228007820,成都,郫都区天河路6号,08:30-19:30,
万利达汽车维修服务中心,13699428363,成都,青羊区盐井三组（康庄小区北区右侧50米）,09:00-18:00,
靓洁汽车快修汽车装饰美容护理中心,13880723079,成都,郫都区犀浦镇江西街五巷48-52号,06:00-18:00,
车航汽车维修服务中心,13684040180,成都,郫都区江西街五巷33号,09:00-18:00,
美车汇汽车美容服务部,18582522298,成都,郫都区犀浦镇江西街五巷29号,08:00-19:00,
神马驿站汽车服务部,13408068551,成都,郫都区犀浦镇江西街一巷17号,09:00-18:00,
都市车影汽车美容装饰,18819036374,成都,郫都区犀浦镇江西街一巷12号,06:00-18:00,
新起点汽车美容养护中心,13551186551,成都,郫都区百草路777号,09:00-18:00,
奋斗汽车养护中心,18116589439,成都,温江区花土路1547号,09:00-19:00,
惠通汽车俱乐部,18908074009,成都,郫都区犀浦镇珠江东街113号,09:00-18:00,
悦驰汽车美容（永宁镇店）,17381876312,成都,温江区永宁镇皇姑街213号,07:00-19:00,
英牌润滑油（永丰汽修）,13308073055,成都,郫都区西区大道99号附1号,09:00-18:00,
道达尔（时利合汽车美容维修中心）,18080859618,成都,新都区洪山堂西路瑞云社区8幢底层商铺1号,08:00-19:00,
明肯汽车服务部,17708024225,成都,温江区燎原路珠江御景湾4号门天宝东街124号,07:00-19:35,
七色花汽车服务(红光店),15928449969,成都,郫都区犀团路999号,09:00-18:00,
七色花汽车服务,15528118210,成都,郫都区团结镇团三路343号,09:00-18:00,
快乐汽车美容,15682550986,成都,郫都区红光镇红兴巷144号,08:00-20:00,
东升汽车美容,15828630365,成都,郫都区红光镇仪隆巷100号,09:00-18:00,
宜洁汽修美容养护,13568819556,成都,温江区公平街道锦绣巷72号,09:00-18:00,
港丰汽车美容装饰,15928179832,成都,温江区光华大道三段2007号,06:00-18:00,
嘉实多（奋斗汽车一站式服务中心）,17628247501,成都,温江区天乡路一段629号,08:30-19:00,
成都明嘉汽车维修服务有限公司,02882799592,成都,温江区南熏大道一段189号,09:00-18:00,
车友道汽车服务,13320996643,成都,温江区南江路1212号,08:00-19:00,
开鑫大拇指汽车服务连锁,15308055574,成都,温江区柳浪湾北四巷42-48号,09:00-18:00,
嘉实多（晶弘汽车维修服务中心）,13880422379,成都,温江区南浦路西段562-569号,09:00-18:00,
匠仓汽车生活馆,02864259926,成都,温江区杨柳西路北段33号,09:00-18:00,
新都区车之仕汽车美容中心,028-68630336,成都,新都区新繁镇北一环路573号,08:30-18:30,
恒锐汽修养护中心,13880470134,成都,温江区西凤街来凤路465号,09:00-18:00,
温江快美特汽车美容保养服务部,15828670115,成都,温江区新南路635-641号（540厂旁）,06:00-18:00,
鹏越汽车服务连锁（学府店）,15123670979,成都,温江区学府北路65号,09:00-18:00,
大富之家精品机油养护中心,18228018556,成都,温江区万春镇春江东路270号,08:00-19:00,
三鑫汽车养护中心,13982180673,成都,温江区万春镇春江东路244-248号,08:05-21:00,
创美工匠汽车装饰美容服务连锁,15928043968,成都,崇州市金鸡中兴路73-77号,08:30-19:00,
金典爱车一族,18215669080,成都,郫都区望丛西路310号,08:00-19:00,
匠车坊一站式汽车服务连锁,18783510472,成都,郫都区郫筒镇中信大道花样年龙年国际停车场负一楼,09:00-20:30,
思博汽车服务中心,13980777204,成都,崇州市长城路龙腾世纪郎域2栋1号,09:00-18:00,
领航（志辉丽车坊汽车服务中心）,15828388063,成都,邛崃市金宝街109号（段氏骨科医院和凯祥酒店之间）,09:00-18:00,
成都市鑫欢汽车服务有限公司,15982036884,成都,邛崃市文南路214号,08:30-18:00,
鼎尚汽车,18081962002,成都,崇州市永安东路105号,08:00-18:00,
靓美洁汽车美容养护中心 ,18980002312,成都,邛崃市凤凰大道205号,07:30-18:00,
华美汽车美容养护中心,13458662418,成都,邛崃市凤凰大道201号,09:00-18:00,
车帝汽车服务,15555222583,成都,郫都区环城路259号（田园诗驿东南门右侧100米）,08:00-20:00,
博路凯龙轮胎专卖店,13808039402,成都,彭州市天彭镇繁江南路506号,09:00-18:00,
英莱壳（永利美容护理中心）,13551265963,成都,彭州市牡丹大道北端298号,08:00-18:00,
车视界汽车养护部,18011479738,成都,彭州市泰安北路128号,08:00-18:00,
港龙汽车装饰精品行,18382149155,成都,彭州市繁江南路437号,08:00-18:00,
爱车居汽车服务中心,18980056568,成都,彭州市锈城路南段272号,08:30-18:00,
当代汽车快修美容,13666155570,成都,彭州市繁江南路703号,08:00-18:00,
爱尚汽车美容(彭州店）,18080044188,成都,彭州市朝阳北路94-100号,08:00-19:00,
壳牌（明洁汽车美容行）,18010575528,成都,彭州市滨河路67号,09:00-18:00,
骏驰汽车美容保养服务中心,13708075530,成都,大邑县孟湾东道通达路三段红绿灯交叉路口,09:00-18:00,
鑫烁汽车美容养护中心,02888385213,成都,大邑县通达东路二段57号,09:00-18:00,
宝仕汽修,18030892936,成都,大邑县官渡东路西二巷附四巷45-49号,08:20-18:00,
欣达汽车美容中心,13558743339,成都,都江堰市宝莲路75-81号,08:30-18:00,
车马泡汽车美容装饰,13438859725,成都,都江堰市幸福街道彩虹社区凤邻三巷135号,08:30-18:00,
昌杰三联汽车服务连锁,18081988076,成都,都江堰市迎宾大道339号,09:00-18:00,
斗禾行洗车,13908230755,成都,都江堰市莲花堰路文荟路3号,08:00-18:00,
酷车族汽车美容,15351206310,成都,都江堰市彩虹大道北段,08:30-19:30,
御锦汽车美容中心,13551813213,成都,都江堰市玉堂镇玉府新区1-2号,08:00-18:00,
德国马牌（都江堰店）,13684028871,成都,都江堰市康复路153-171号,09:00-18:00,
鑫盟汽车装饰,13350679880,自贡,富顺县同心路东湖镇卷坝9组22号,09:00-18:00,
坜鑫行汽车修理厂,18990076803,自贡,富顺县东湖镇观塘村2组南环路375号,08:00-18:00,
名车汇汽车洗护美容装饰中心,18681309323,自贡,富顺县富世镇金山路129号,09:00-18:00,
悦美汽修美容,13320816222,自贡,富顺县富世镇望云二社（红星塑胶有限公司内）,08:00-18:30,
云途汽车美容（南湖公馆店）,18081662628,自贡,沿滩区南湖公馆5号楼1号,09:00-18:00,
车空间（东宇汽车服务行）,18095047673,自贡,自流井区通达街144号,09:00-18:00,
御马坊（尚景捷讯店）,18398703399,自贡,自流井区东兴市街道毛家路114号（尚景捷讯商城旁),09:00-18:00,
云途汽车（汇川路）,17383444852,自贡,自流井区自流井区汇川路666号,09:00-18:00,
镁光汽车美容护理中心,15700666662,自贡,自流井区汇川路明珠小区2栋1层1号,08:00-18:00,
车饰界专业汽车美容,13808153907,自贡,大安区鸿鹤路89号,08:00-18:00,
博莱特汽车养护中心,13558926455,自贡,大安区东兴寺街火车站商贸区华隆大厦裙房C2栋,09:00-18:00,
久车道汽车养护中心,08138288867,自贡,自流井区汇川路英祥丽都新居1号楼1层19224号（川南农贸市场后门）,09:00-18:00,
爱车港汽车美容中心（自贡店）,18990070536,自贡,自流井区丹桂大街9号,09:00-18:00,
御马坊汽车服务中心,18398703399,自贡,自流井区汇川路农副产品批发市场6-12号,09:00-18:00,
车爵仕（自贡伯爵店）,13990082000,自贡,自流井区汇东西段阳光丽舍2号楼25-26号,09:00-18:00,
百车汇汽车美容馆,18990080930,自贡,自流井区西苑街13号,09:00-18:00,
车途汽车养护中心,18990000432,自贡,大安区龙井路周家冲6-8号,09:00-18:00,
车得意专业汽车美容中心,18681336118,自贡,大安区五星街磨子井居委会39组122号,09:00-18:00,
爱车e族养车会所,18081480999,自贡,自流井区五星街石滩坝居委会内城名苑1单元13号,08:00-20:00,
永诚汽车美容,13990035033,自贡,自流井区石滩坝21栋1号门面,08:00-18:00,
星河汽车美容,13541667017,自贡,荣县旭阳镇星河路星河湾141.143号,08:00-18:30,
水湾博洁汽车美容,18683332627,自贡,荣县旭阳镇水湾半岛步行街41号,08:19-19:00,
加力士靓车行,13795596221,自贡,荣县旭阳镇荣州大道三段585号荣州上城9栋1号,09:00-18:00,
勇华汽车装饰美容,13548206159,攀枝花,米易县顺墙南街2栋109号,09:00-18:00,
北极光（骏诚汽车养护中心）,13547606783,攀枝花,米易县攀莲镇大坪北路与迎晖路交叉口西北50米,09:00-18:00,
韩泰轮胎（蓝彩汽车美容店）,13882373071,攀枝花,盐边县红格镇红格大道北50米,09:00-18:00,
保路捷汽车,15984555209,攀枝花,盐边县西环南路264号,08:00-18:30,
阳鸣汽车装饰美容中心,13330722091,攀枝花,仁和区攀枝花大道南段1684号,08:00-19:00,
梅特莱斯汽车美容养护中心（攀枝花店）,13882356263,攀枝花,仁和区迆沙拉大道1640号,09:00-18:00,
百加百,13882383795,攀枝花,仁和区迤沙拉大道1332-1338号,08:00-18:30,
车爵仕（迤沙拉大道店）,18681217735,攀枝花,仁和区迤沙拉大道1344号,08:00-18:30,
驰加汽车服务（仁和店）,08125711997,攀枝花,仁和区春天花园车辆出入口正对面,09:00-18:00,
和达24小时洗车场,13540503132,攀枝花,东区隆庆路91号正北方向138米（中国石油密地加油站旁）,09:00-18:00,
驹尚汽车服务中心,13882348600,攀枝花,仁和区天宇路10号楼9附2号,08:00-18:00,
倍思特汽车美容生活馆,08123524528,攀枝花,东区机场路327号附5-7号,08:10-19:00,
四四六汽车服务连锁,18982347677,攀枝花,东区公园大地三期负一楼停车场内,09:00-18:00,
白萝卜汽车美容装饰,18982361836,攀枝花,东区中国石油隆庆路加油站左侧20米,08:30-18:30,
四海汽车装饰,15328984966,攀枝花,仁和区迤沙拉大道427号,09:00-18:00,
丽车人家,18782301790,攀枝花,东区金沙江大道中段321号,09:00-18:00,
鑫悦容汽车装饰美容会所,13882395664,攀枝花,东区花城下街19号,09:00-18:00,
攀枝花市恒旺利汽车服务有限公司,18089589222,攀枝花,东区木棉路41号,07:30-19:00,
东区五加柒汽修,15729831655,攀枝花,东区木棉路1号,09:00-18:00,
泉水洗车（长寿路店）,08122518598,攀枝花,东区木棉路41号,09:00-18:00,
万丰修复中心,13219819994,攀枝花,东区天宇汽配城6栋1楼12号,09:00-18:00,
巧手汽车维修服务有限公司,18011006370,攀枝花,东区弄弄坪东路2号,08:00-18:00,
德胜汽车美容装饰服务,08125911539,攀枝花,西区弄弄坪西路495号,08:00-18:30,
靓车洁汽车美容机构（攀枝花店）,15387692088,攀枝花,东区机场路金海世纪城42栋325-7,09:00-18:00,
洪霆车服（正东店）,0830-2928688,泸州,叙永县正东中学小学入口旁,09:00-18:00,
普利司通轮胎(符节路店),18090876266,泸州,合江县符节路377号门市新法院上行500米,09:00-18:00,
正阳汽修服务中心,15883057777,泸州,纳溪区护国公园西往前270米,09:00-18:00,
纳溪嘉浩汽修,13388292814,泸州,纳溪区安富街道金山坡金安路106号,00:00-23:00,
艺嘉车行,15397673179,泸州,纳溪区人民西路134号,09:00-18:00,
佳诚汽车,13568136677,泸州,江阳区蓝安路9号,09:00-18:00,
车霸汽车美容服务中心,18980258939,泸州,江阳区前进中路111号,09:00-18:00,
黔程汽车（汽车公园店）,13982772889,泸州,江阳区江阳区蓝安路二段1-附12号川南国际汽车公园内,09:00-18:00,
普利司通轮胎(少岷花园店),18090876266,泸州,江阳区苏公路少岷花园199号,09:00-18:00,
车行天下汽车美容护理中心,15883077778,泸州,江阳区跃进路刺园路3段5-1号楼,09:00-18:00,
腾跃汽车维修护理服务中心,08303198800,泸州,龙马潭区振兴路8号,08:25-18:00,
鑫盛杰汽车服务有限公司,08302575285,泸州,龙马潭区沱江路三段杜家街101号,09:00-18:00,
泸州燕君哥洗车美容装饰维修服务中心,13882778896,泸州,龙马潭区龙南路22号1幢附2层7~10号,09:00-18:00,
威固（黔程汽车城北店）,13982772889,泸州,龙马潭区蜀泸大道5号（沱二桥北海通公馆底楼）,09:00-18:00,
洪霆车服（大通店）,0830-2507777,泸州,龙马潭区大通路6-16号,09:00-18:00,
黔程汽车（城西店）,13982772889,泸州,江阳区华阳街道江景北路酒城1号,08:00-19:00,
贵来汽车修理服务中心,0830-3772677,泸州,江阳区酒城大道3段6号向阳三合院附1层车库6号,09:00-18:00,
中远国际名车,15681555567,泸州,江阳区酒城大道三段6号,09:00-18:00,
洪霆车服（云龙店）,0830-2976616,泸州,泸县云龙月亮湾云滨8号,09:00-18:00,
海心专业汽车服务中心,15397672086,泸州,泸县玉蟾街道明星街3号,09:00-18:00,
量子膜（百车荟）,13982789382,泸州,泸县城西工业园区玉蟾大道西段689号4幢,09:00-18:00,
齐力汽修厂,18090723933,德阳,中江县芙蓉路北段（106省道旧西廖氏家电旁）,09:00-18:00,
邱氏轮胎汽车一站式服务,18909021786,德阳,中江县南华镇凯江预制厂B幢D幢之间,09:00-18:00,
精典汽车（广汉店）,18908107730,德阳,广汉市北京大道一段16号,08:30-18:30,
车艺佳汽车生活馆,15386696533,德阳,广汉市张任路二段45号,09:00-18:00,
臭皮匠汽车美容,08385511116,德阳,广汉市北京大道三段20号,09:00-18:00,
洁美汽车美容养护,13981010542,德阳,广汉市湘潭路80号,09:00-18:00,
车奇士汽车快修服务连锁（德阳店）,08382917388,德阳,旌阳区龙泉山路2段-5号（美华大酒店对面）,08:09-18:30,
畅享行,15669390297,德阳,旌阳区泰山南路二段777号,08:30-18:30,
同程精养汽车一站式服务,17780991235,德阳,旌阳区珠江西路86号,07:30-19:30,
巅峰汽车养护中心（风邻左岸店）,18981022898,德阳,旌阳区泰山南路二段196号,09:00-18:00,
巅峰汽车装饰行（珠江桥店）,18283870128,德阳,旌阳区珠江西路珠江大桥西岸(人防加油站旁),09:00-18:00,
巅峰汽车装饰行（金色年华店）,15883871980,德阳,旌阳区泰山南路二段161号,08:00-18:00,
车之仆汽车美容养护会所,13618106780,德阳,旌阳区庐山路与北泉路交汇处（肝胆医院旁）,08:00-18:30,
金财源汽车服务,18081244027,德阳,旌阳区华山南路1段169号,08:00-19:00,
车行天下汽车美容会所(罗江店）,15883825330,德阳,罗江区金雁南路36号,08:00-18:00,
好运来汽车美容装饰,18783858728,德阳,什邡市雍城南路519号,08:00-18:30,
鑫驰汽修,13890236266,德阳,什邡市雍城西路881号,09:00-18:00,
汽车之链清洗美容服务中心,18160191903,德阳,什邡市方亭雍城西路615-619号,08:00-18:00,
宏鑫汽车美容装饰,13700915449,德阳,什邡市元畅路与清云路交叉口西北150米,09:00-18:00,
屹腾车业汽车维修中心,15282832864,德阳,什邡市蓝剑大道35号,08:00-18:00,
赛浪汽车服务（东门店）,08386666612,德阳,绵竹市玉妃路408号,09:00-18:00,
赛浪汽车服务（南门店）,13689655111,德阳,绵竹市南京大道一段268号,09:00-18:00,
众鑫车务会所,18084887776,绵阳,盐亭县蓝泊湾小区8栋1楼16号,09:00-18:00,
正和精典汽车服务有限公司（滨江半岛店）,15881623988,绵阳,三台县滨江半岛100号,09:00-18:00,
福斯达专业汽车,15386601515,绵阳,三台县益寿路53-69号,09:00-18:00,
印象车居,13982104284,绵阳,三台县文化路8-22号,09:00-18:00,
欣巴达汽车生活体验馆,15008160025,绵阳,三台县文化路80-110号,09:00-18:00,
正和精典汽车服务有限公司（梓州干道店）,15881623988,绵阳,三台县梓州干道202号,09:00-18:00,
正和精典汽车服务有限公司（东河路店）,15881623988,绵阳,三台县东河路100号,09:00-18:00,
小拇指（圣捷汽车）,13301160009,绵阳,三台县潼川镇三射路聚贤御座B幢7-10号,09:00-18:00,
彭氏汽车服务中心,13981181090,绵阳,三台县恒昌路与琴泉路交叉口北100米,09:00-18:00,
尚卡汽车美容,15882848145,绵阳,三台县潼川镇新西外街118号,09:00-18:00,
博维汽车用品专卖店,13440001001,绵阳,三台县马望桥路口美味鱼庄左侧50米,09:00-18:00,
车仆（梓潼汽车服务中心）,13668331869,绵阳,梓潼县文昌镇金牛大道86号（老法院对面）,07:30-19:00,
舟车惠柚车共享无水洗车（游仙区店）,18281527088,绵阳,游仙区绵盐路151号,09:00-18:00,
车汇美汽车美容（涪城区店）,13320889300,绵阳,涪城区城南壹号A区南门右侧300米,08:00-18:30,
悦途（机场东路店）,18681661119,绵阳,涪城区机场东路451-3号,08:00-19:00,
车公馆汽车美容（经开区店）,18381608897,绵阳,涪城区红桥西路105号,09:00-18:00,
一卡通魔彩洗车龟博士汽车美容护理（南湖店）,08166393217,绵阳,涪城区南湖北街66号,09:00-18:00,
沃比奇汽车养护国际连锁（经开区店）,18381686619,绵阳,涪城区绵州大道北段26号嘉莱红星小区25幢1楼9号,08:30-18:30,
一卡通魔彩洗车龟博士汽车美容护理（南山店）,08162380899,绵阳,涪城区长虹大道南段交通加油站南山中学后大门对面,09:00-18:00,
一卡通魔彩洗车龟博士汽车美容护理（沈家坝店）,13981134083,绵阳,游仙区沈家坝福坤世纪山江沈福路6号（靠河堤边）,09:00-18:00,
一卡通魔彩洗车龟博士汽车美容护理（治平路店）,08162296087,绵阳,游仙区治平路中段菜市场左侧50米,09:00-18:00,
一卡通魔彩洗车龟博士汽车美容护理（开元店）,08162969162,绵阳,游仙区芙蓉汉城对面公汽司加油站右侧50米,09:00-18:00,
蜕变汽车美容工作室,18781110508,绵阳,涪城区安昌路老百盛负一楼102号,09:00-19:00,
银盛汽车养护中心,0816-2399838,绵阳,游仙区一环路东段231号,08:30-18:30,
一卡通魔彩洗车龟博士汽车美容护理（五里堆店）,08162989977,绵阳,游仙区五里堆恒馨苑小区大门左侧50米,09:00-18:00,
一卡通魔彩洗车龟博士汽车美容护理（科创园店）,08162496278,绵阳,游仙区五里堆路49号,09:00-18:00,
一卡通魔彩洗车龟博士汽车美容护理（蓝澳岛店）,08162328936,绵阳,涪城区三汇立交桥蓝澳岛小区院内左侧100米,09:00-18:00,
一卡通魔彩洗车龟博士汽车美容护理（中经路店）,08162278617,绵阳,游仙区中经路17号青林汽修厂内,09:00-18:00,
车理念汽车一站式服务中心（二店）,15881628675,绵阳,游仙区小岛花园绿岛大桥下农贸市场1-4号,09:00-18:00,
一卡通魔彩洗车龟博士汽车美容护理（双碑店）,08162366216,绵阳,涪城区高新区双碑立交桥下梦竹苑小区正大门右侧50米,09:00-18:00,
一卡通魔彩洗车龟博士汽车美容护理（九区店）,08162496965,绵阳,游仙区科学城九区物业护管楼院内,09:00-18:00,
一卡通魔彩洗车龟博士汽车美容护理（高新二店）,18215682863,绵阳,涪城区滨河北路中段99-41号,09:00-18:00,
车理念汽车一站式服务中心,18780309944,绵阳,游仙区小岛花园绿岛大桥下农贸市场1-4号,09:00-18:00,
爱尚车道,18381685917,绵阳,涪城区城北街道滨江西路北段绿岛大桥西口100米,08:00-18:00,
一卡通魔彩洗车龟博士汽车美容护理（元通店）,15228414671,绵阳,涪城区科创园街道元通社区左侧100米,09:00-18:00,
金典洗车美容,18990191443,绵阳,涪城区圣水南街37号,07:30-19:00,
靓车会（绵阳店）,13088253717,绵阳,涪城区绵兴东路65号,09:00-18:00,
一卡通魔彩洗车龟博士汽车美容护理（星汇店）,081621902323,绵阳,涪城区科创园区星汇城停车场入口左侧50米,09:00-18:00,
车酷时代,18990163872,绵阳,涪城区高新区虹苑路轿车维修一条街C区10号,08:00-20:00,
靓典汽车美容服务,13730708999,绵阳,涪城区玉女路215号,09:00-18:00,
一卡通魔彩洗车龟博士汽车美容护理（小岛店）,081629822296,绵阳,游仙区尚岛国际1期1层1号,07:20-19:00,
一卡通魔彩洗车龟博士汽车美容护理（倍特店）,08162728687,绵阳,涪城区科创园区园艺倍特领尚11栋1楼9号,07:20-19:00,
一卡通魔彩洗车龟博士汽车美容护理（高新店）,18781148295,绵阳,涪城区高新区铁路桥旁领翔汽修厂院内左侧100米,09:00-18:00,
一卡通魔彩汽车龟博士汽车美容护理（七区店）,18981100156,绵阳,游仙区科学城七区幼儿园左侧100米,09:00-18:00,
一卡通魔彩洗车龟博士汽车美容护理（科学城七区店）,15882891690,绵阳,游仙区科学城七区幼儿园左侧100米,09:00-18:00,
一卡通魔彩洗车龟博士汽车美容护理（园艺店）,15328208177,绵阳,涪城区科创园区园艺山银都领地二期人工湖右侧100米,09:00-18:00,
车优美美容养护会馆,13350993617,绵阳,涪城区跃进路北段320号,07:30-18:30,
彤耘汽车美容养护会所（高新店）,15892661798,绵阳,涪城区高新区虹苑北路8号附1号,08:30-21:00,
彤耘汽车美容养护会所,17878667071,绵阳,涪城区虹苑北路8号附1号,08:00-19:00,
舟车惠柚车共享无水洗车,13330892233,绵阳,涪城区高新普明北路东段547号,08:00-19:00,
宝翔汽车生活馆,13398387665,绵阳,安州区安州区荣华国际广场西50米,08:00-18:30,
爱美洁汽车美容装饰,15351256456,绵阳,安州区安州区罗胜街北段花荄镇罗林村村委会东60米,09:00-18:00,
龟博士汽车美容装饰,13689683462,绵阳,江油市老君路18号,09:00-18:00,
靓车会.美车会所（江油店）,13208263555,绵阳,江油市太平镇兴业路明月新城（香榭国际南门对面100米）,09:00-18:00,
美光汽车美容护理,18681688262,绵阳,江油市纪念碑街东段12号,09:00-18:00,
萍玉园林羊肉火锅（院内洗车）,13881186181,绵阳,江油市新华路中段41号,09:00-18:00,
驰锐汽车美容装饰中心,0816-3320602,绵阳,江油市江油市诗城路中段245号,08:00-19:00,
起点汽车,13981188907,绵阳,江油市涪江路北段192号,09:00-18:00,
龙之吻汽车美容中心,13418389928,绵阳,江油市新华干道鑫楠花园观唐4栋1楼31号,07:50-18:30,
宣扬养车馆,15988394590,绵阳,江油市太平镇长安路中央大道二期4号楼241-245号,08:00-18:20,
匠心极致汽车一站式服务中心,15386661008,绵阳,北川羌族自治县北川县新川路4号,08:30-18:00,
泰兴汽车美容服务中心,13908117965,绵阳,北川羌族自治县永昌镇尔玛路9号,08:00-18:30,
靓洁汽车美容中心（平武店）,15881195244,绵阳,平武县龙安镇大龙沟东行100米,08:00-18:30,
靓装专业汽车美容养护中心,13752511255,广元,苍溪县迎宾路77号,09:00-18:00,
车之新汽车服务（苍溪二店）,13881226708,广元,苍溪县陵江镇城东停车场内（原车博士）,09:00-18:00,
车之新汽车服务,13550976986,广元,苍溪县陵江镇玉锦龙都斜对面100米,09:00-18:00,
幺妹洗车场,15984071760,广元,旺苍县东河镇环城中路480号,07:00-19:00,
老谭汽车美容店（二店）,18011160163,广元,旺苍县东河镇兴旺大道103号,09:00-18:00,
老谭汽车美容店,13568369497,广元,旺苍县东河镇兴旺大道238号,09:00-18:00,
车靓点汽车装饰中心,18280319095,广元,剑阁县普安镇剑金路162号,09:00-18:00,
新车手汽车装饰美容会所,13438545899,广元,剑阁县普安镇剑金路258号,07:00-20:00,
捷友汽车服务中心,18111363331,广元,利州区东坝兴安路二段477号,09:00-18:00,
久安汽车洗护中心,13550963567,广元,利州区东坝天源街287号,09:00-18:00,
嘉屹汽车一站式服务中心,13568378084,广元,利州区东苑路76号,08:00-18:30,
广元通达汽车服务中心,13320736692,广元,利州区兴安路550号,09:00-18:00,
路畅汽车装饰美容中心,18881268124,广元,利州区育才路紫薇苑282号,09:00-18:00,
亿洁汽车养护中心,13340733309,广元,利州区谷香街61号,09:00-18:00,
龟博士（东坝办事处店),18608397676,广元,利州区兴安路东坝办事处楼下,09:00-18:00,
车壹家汽车生活馆,13568364700,广元,利州区南环路一段33号,09:00-18:00,
前沿车护,13881251351,广元,利州区市中区南河成都路11号（公安局特巡警支队）,08:00-18:30,
新起点汽车美容装饰中心,18980077768,广元,利州区电子路475号,08:00-19:00,
车域汽车服务,13981291399,广元,利州区环城北路世达佳苑2号楼底层3-6号,09:00-18:00,
昌杰三联汽车服务,18781261371,广元,利州区平桥街直行100米岔口右侧,09:00-18:00,
快行线,08163241953,广元,利州区平桥街（德新肾病医院右侧50米）,09:00-18:00,
GY汽车文化工作室,15508083888,广元,利州区望江路北段186号,08:00-18:30,
车友之家汽车俱乐部,15883528563,广元,利州区望江路488号,08:00-18:00,
赛特汽车美容装饰中心,18808393013,广元,剑阁县修城坝环山路571号（金门花园背后）,08:00-19:00,
美国龟博士汽车美容会所（旗舰店）,15729786666,遂宁,船山区银河路中8号,09:00-18:00,
炫车坊汽车生活馆,13488941985,遂宁,船山区五彩缤纷路37号附24号（第一层）,09:00-18:00,
五行汽车养护中心,15196912333,遂宁,船山区德水中路77号,09:00-18:00,
美国龟博士汽车美容会所（西山北路店）,15729786666,遂宁,船山区西山北路158号财院小区门口,09:00-18:00,
车浴坊汽车美容会所,13419392222,遂宁,船山区西山路236号,09:00-18:00,
美国龟博士汽车美容会所,15729786666,遂宁,船山区明月路331号,07:30-19:00,
车之家汽车装潢美容中心,18280859872,遂宁,大英县遂宁大英县环城路485号,09:00-18:00,
車家汽车美容装饰,18090811862,遂宁,射洪县城南武安河博雅二期8号,09:00-18:00,
友车族汽车装饰养护中心,18582010639,遂宁,射洪县太和镇民族路50号,07:40-18:30,
靓车汇汽车美容装饰,18382555828,遂宁,射洪县万隆路万隆花苑124号,08:00-18:00,
恒驰汽车服务有限公司,18728567786,遂宁,射洪县太和镇沧牌大道北段西侧圣湖佳苑1号楼,08:00-19:00,
普利司通轮胎（永胜汽车护理中心）,13890556123,内江,隆昌市云峰路80号,09:00-18:00,
盛祥汽车美容,18990594768,内江,隆昌市金鹅镇环城南路8号,09:00-18:00,
壹号汽车美容中心,17830909707,内江,隆昌市成渝北路东街111号,07:30-20:00,
博世汽车专业维修保养中心,08323999555,内江,隆昌市跃进街67号（金华酒店旁）,09:00-18:00,
隆昌三和.永胜汽车美容会所（西区店）,15983256777,内江,隆昌市仁和西巷30号,09:00-18:00,
龍港汽车服务连锁,13980202833,内江,隆昌市人民中路125号,09:00-18:00,
车之源汽车美容会所（隆昌店）,13540230306,内江,隆昌市金鹅镇康复西路一段226-232号,09:00-18:00,
励强汽车维修连锁（高桥新职院分店）,08322085588,内江,东兴区汉安大道东段1777号（高桥新职院内）,09:00-18:00,
车大师汽车维修服务中心,18308244458,内江,市中区玉带街5号,09:00-18:00,
嘉实多（汽车时代汽车美容服务站）,15884898199,内江,东兴区胜利路14号,07:30-18:30,
千翼酷车,08322822887,内江,东兴区晨望路81-93号,09:00-18:00,
车美佳汽车美容中心（内江市店）,13548337776,内江,东兴区星桥街465号附1.2号,09:00-18:00,
爱车缘,15196728569,内江,东兴区大千路366号,08:00-18:00,
励强汽车维修连锁（兰桂总店）,08322264913,内江,东兴区兰桂大道1号负3楼,09:00-18:00,
孟星缘,17345110256,内江,东兴区五星路南段183号,07:40-19:30,
励强汽车维修连锁（蟠龙冲分店）,15328713000,内江,东兴区北环路7号,09:00-18:00,
励强汽车维修连锁（邦泰国际店）,0832-2278799,内江,东兴区北环路888号,08:00-18:30,
威远车饰界汽车生活馆美容,13568004752,内江,威远县严陵镇商业一街29号,09:00-18:00,
威远车饰界汽车生活馆,15828823793,内江,威远县严陵镇商业一街29号,09:00-18:00,
非凡车饰,15244863238,内江,威远县严陵镇天府路1-894号,09:00-18:00,
永佳汽车服务中心,08328262598,内江,威远县人民路南段疾控中心底楼1号,09:00-18:00,
励强汽车维修连锁（威远店）,08328249898,内江,威远县二环路与御屏街交叉口西北150米,09:00-18:00,
名车汇汽车美容养护会所,17781444251,内江,威远县大润发超市（威远店）西160米,09:00-18:00,
固特异轮胎（利达汽贸）,13568056019,内江,威远县严陵镇二环路消防大队正对面,09:00-18:00,
通达洗车美容装饰,15198154038,内江,威远县严陵镇二环路西南段551号1栋1单元1号,09:00-18:00,
车之源汽车美容会所（威远店）,15828729333,内江,威远县凉竹路351号（交警大队旁）,09:00-18:00,
龙马汽车服务,18140268760,内江,威远县二环路西北段621号,09:00-18:00,
二桥汽修,08325535389,内江,资中县重龙镇滨江东路89号江语丽府后门,07:30-20:30,
美车仕汽车美容店,13551537770,内江,资中县水南镇桂花街128号,09:00-18:00,
驰加汽车服务（易途汽车）,18990532655,内江,资中县水南镇长河街99-113号,09:00-18:00,
铭雅汽车美容中心,13330690207,内江,资中县抚琴街一段46号,09:00-18:00,
小兵汽修汽车维修中心,13659004046,内江,资中县花圃街学府雅苑二区（二中后门）,08:00-23:59,
波仕卡（水南镇店）,15088879888,内江,资中县水南镇新南街118号,09:00-18:00,
永洁汽车装饰美容中心,13890589052,内江,资中县水南镇城南开发区怡园巷1-8号,09:00-18:00,
车爵仕（天生园街店）,08334268100,乐山,犍为县天生园街25-31号,09:00-18:00,
凤北汽车美容装饰中心,18981337535,乐山,犍为县梧荫街203号,09:00-18:00,
爱车一族汽车美容中心（犍为店）,13350513691,乐山,犍为县玉津镇三号街（原工商局旁）,09:00-18:00,
森宇汽车美容中心,18228375880,乐山,五通桥区中心路香枫丽城4-3号,09:00-18:00,
速洁汽车美容会所（五通桥店）,13158853588,乐山,五通桥区岷江大道72号,09:00-18:00,
心仪车饰,13881350606,乐山,五通桥区杨柳镇交通街119号,09:00-18:00,
奔奔汽车美容装饰,13881339354,乐山,五通桥区104省道东50米,09:00-18:00,
星飞腾赛车俱乐部有限公司,13980887617,乐山,市中区人民东路233号,09:00-18:00,
香樟树汽车美容装饰,18081308089,乐山,市中区人民北路25号,09:00-18:00,
快车道汽车美容会所,13320913696,乐山,市中区人民北路220号,09:00-18:00,
四川永固天城博世维修站,13890639567,乐山,市中区迎宾大道20号科技园内,09:00-18:00,
车来车往（乐山店）,18981373983,乐山,市中区王浩儿街693号,08:30-18:00,
久久汽车美容中心,13981321288,乐山,市中区肖坝路220号,09:00-18:00,
利和详汽车美容,15283309905,乐山,市中区百禄路361号,09:00-18:00,
福缘车邦,15808338600,乐山,市中区百福路120号（消防支队后门）,09:00-18:00,
三星汽车装饰美容中心,15520300450,乐山,市中区肖坝路378号,09:00-18:00,
一路惊洗,17723034008,乐山,市中区碧山路2567号6幢,09:00-18:00,
安城汽修,13281347333,乐山,市中区桃源路536号,09:00-18:00,
东昊汽车养护中心（烁城店）,A18608060582,乐山,市中区翠园街49号,08:30-18:00,
嘉实多(杰驰养车生活馆）,18608060582,乐山,市中区翠园街55号,09:00-18:00,
凯辉汽车维修服务有限公司,18728893003,乐山,市中区东城路（翡翠国际三期实验小学对面）,09:00-18:00,
港龙洗车行,08332413888,乐山,市中区茶坊街72号,09:00-18:00,
港丰汽车精品装饰美容行,18981393355,乐山,市中区龙游路西段112号,09:00-18:00,
零度专业汽车美容,18384666623,乐山,市中区百悦路50号,09:00-18:00,
东恒汽车养护中心,18584156111,乐山,市中区玉桃街106号,08:00-18:30,
飙峰汽车装饰美容,13890659327,乐山,市中区春华路中段507号,08:00-18:00,
车奇士汽车快修连锁,18808336070,乐山,市中区春华路568号,09:00-18:00,
快好省汽车补漆美容装饰保养保险洗车,13990601288,乐山,市中区朝霞路648号,09:00-18:00,
东昊汽车养护中心,13550566715,乐山,市中区玉桃街106号,09:00-18:00,
米其林轮胎（龙游路店）,13990645223,乐山,市中区龙游路东段91号,09:00-18:00,
众源养护站一站式服务中心,08332600672,乐山,市中区滨江路北段1032号,09:00-18:00,
风景汽车装饰,13219706622,乐山,市中区白燕路中段乐府锦城14号,09:00-18:00,
洪运汽车装饰美容（龙游路店）,15283328685,乐山,市中区龙游路西段538,09:00-18:00,
马力可汽车中心（嘉祥路店）,18227897733,乐山,市中区嘉祥路1452号,09:00-18:00,
乐山联合,13608130373,乐山,市中区龙游路西段606号,09:00-18:00,
道达尔（爱车堡汽车美容养护中心）,13890690488,乐山,市中区瑞云路78,08:30-18:00,
玛吉斯轮胎（蓝湾半岛店）,18228355750,乐山,市中区翰林路934号,09:00-18:00,
东恒汽车快速美容中心,15298097090,乐山,市中区竹林路1029号,09:00-18:00,
韩泰轮胎（康桥店）,18090383102,乐山,峨眉山市胜燕路86号,09:00-18:00,
亿车缘汽车美容中心,18011663063,乐山,峨眉山市名秀路28号,09:00-18:00,
普利司通轮胎店（峨眉山店）,15884358666,乐山,峨眉山市胜利镇名秀路8号,09:00-18:00,
老王洗车（如家店）,18180330220,乐山,峨眉山市胜利镇龚竹村2组（峨眉山市中医院对面）,09:00-18:00,
老王洗车（美骑店）,08335470918,乐山,峨眉山市胜利镇龚竹村2组（峨眉山市中医院对面）,09:00-18:00,
驰加轮胎汽车服务（博峰汽车服务）,08335558644,乐山,峨眉山市名山东路446号,09:00-18:00,
洁雅达汽车美容中心,18683338888,乐山,峨眉山市胜利镇光明大道27-29号,09:00-18:00,
驰耐普汽车装饰美容中心,13208338585,乐山,峨眉山市绥山镇红光路1-3号,08:00-17:45,
德沃斯爱车养生馆,13700931238,乐山,峨眉山市绥山镇佛光东路330号（新平加油站旁）,09:00-18:00,
鑫起点汽车美容会所,13699422123,乐山,夹江县瓷都大道迎恩路370号,09:00-18:00,
车宝贝汽车服务中心（广场店）,13996604210,乐山,夹江县瓷都大道印象欧城大门正对面,09:00-18:00,
喜洋洋汽车装饰美容中心,08335684585,乐山,夹江县新华路（新顺通天然气有限公司东北门对面）,09:00-18:00,
酷车道,18244355123,乐山,夹江县瓷镇路75号,08:00-19:30,
车宝贝汽车服务中心（李牌坊店）,13656181942,乐山,夹江县李牌坊街18号,09:00-18:00,
赵氏汽车维修中心,08335662222,乐山,夹江县环城北路35号,09:00-18:00,
精典汽车（营山二店）,19982868498,南充,营山县望塔路52号,09:00-18:00,
营山县铭爵汽车服务中心,13808275229,南充,营山县营渠路中华名园B栋1层2号,09:00-18:00,
骏马爱车会,13696245106,南充,营山县西月路219号,09:00-18:00,
广州靓坊一站式汽车服务中心,18282068276,南充,营山县五通村千担坝公交站左侧100米,09:00-18:00,
邓禄普轮胎（嘉鸿德汽车养护中心）,13696019933,南充,高坪区石板桥街58号,09:00-18:00,
嘉实多（车居汽车）,13890878882,南充,高坪区江东大道七段向阳街43-47号,09:00-18:00,
量子膜（靓车驿站汽车生活馆）,18989185990,南充,高坪区江东中路八角街102号,09:00-18:00,
胜牌（身边汽车服务中心）,15881753743,南充,嘉陵区南虹路一段139号,09:00-18:00,
起跑线汽车文化馆,13990721314,南充,嘉陵区紫府路三段16号,08:20-19:00,
车之星汽车美容装饰,18990887072,南充,顺庆区南门中街1号,09:00-18:00,
李氏靓车坊,18011699525,南充,嘉陵区紫府路三段174号,09:00-18:00,
嘉鸿德汽车养护中心（顺庆店）,18003080506,南充,顺庆区南门北街13号,08:00-18:30,
四喜汽车维护中心,15808170963,南充,嘉陵区耀南街15-17号（金尊花园正对面）,07:50-20:30,
德国马牌（南充市千里驹汽车服务有限公司）,17382318451,南充,顺庆区天工街69号,09:00-18:00,
车如意汽车养护中心,17738795566,南充,顺庆区天工街19-21号,09:00-18:00,
宇宇洗车精品店,18783944111,南充,顺庆区西山运动场正门左侧100米,08:00-18:00,
靓车行,13183767776,南充,顺庆区镇泰路159号,09:00-18:00,
兴成1站,18188392372,南充,顺庆区铁昌路168号,09:00-18:00,
车典车饰,15983779020,南充,顺庆区农科巷农科苑小区1号,09:00-18:00,
车品道,18681762888,南充,顺庆区迎凤路3号2幢1层1号,09:00-18:00,
嘉实多（博睿汽车快修养护中心）,17716444415,南充,顺庆区环都大道2段26号,09:00-18:00,
安耐驰（顺祥汽车快保中心）,18681766653,南充,顺庆区青云路46号,09:00-18:00,
嘉实多（车之路汽车维修服务中心）,18113921712,南充,顺庆区玉带北路二段252号,08:00-20:00,
靓车一族汽车服务（顺庆店）,15882661087,南充,顺庆区锦程路198号,08:30-18:30,
马速宝汽车深度养护中心,18282076667,南充,顺庆区佳华路262号,08:30-18:30,
飞拓名车养护中心,18180176161,南充,顺庆区华生中路86号,08:00-19:30,
特福莱汽车美容中心,15181758547,南充,仪陇县复兴镇复兴中路57号（派出所转盘对面）,09:00-18:00,
袁氏汽车美容服务中心,18121933155,南充,仪陇县金城镇建设南路325-1号,09:00-18:00,
量子膜（顺城汽车美容装饰中心）,15390285123,南充,南部县南部县嘉陵路222号,09:00-18:00,
韩泰轮胎（南部店）,13398426999,南充,南部县金鱼安置小区7幢1单元12号,09:00-18:00,
车博园汽车快修,15680802010,南充,南部县幸福路与新华路交叉口西行100米,07:30-20:00,
车之翼（南部店）,15328429777,南充,南部县迎宾大道359号,08:30-17:00,
车爵仕（南部店）,18666777491,南充,南部县迎宾大道新城1号（明珠医院斜对面）,09:00-18:00,
都市芳香专业汽车装饰美容,13340774761,南充,南部县红岩子大道南部城北幼儿园左侧200米,09:00-18:00,
金源汽车修理厂,13699692345,南充,南部县桂仙路137号,09:00-18:00,
德胜汽车专业保养,13696006585,南充,阆中市汉王祠路东行300米,08:00-19:00,
车饰界汽车美容装饰（阆中店）,18784788147,南充,阆中市七里大道196号,09:00-18:00,
安达汽车美容中心,18990731595,南充,阆中市阆水中路89-90号,09:00-18:00,
我爱我De车（阆中店）,18080352255,南充,阆中市张飞北路118号玉景苑2栋1-10号,07:00-19:30,
铭腾洗车美容装饰贴膜,13808081458,眉山,仁寿县围城路（气象局公交站旁),09:00-18:00,
蓝点汽车美容广场,18144212399,眉山,仁寿县先锋街二段158号,10:00-19:00,
车之道汽车服务连锁,18180040068,眉山,仁寿县文林镇江家坝东升街142号,08:00-18:00,
仁寿众成汽车,13668276669,眉山,仁寿县滨河路上段36号,09:00-18:00,
博特汽车维修养护中心,15760329576,眉山,仁寿县文林镇南坛路三段鳌峰初级中学东50米,08:00-18:00,
城北汽车,13890320850,眉山,东坡区诗书路中1段265号,08:00-18:00,
众博汽车精养专家,13550556555,眉山,东坡区诗书路183号,09:00-18:00,
鑫盈汽车维修,18090090546,眉山,东坡区阜成路西三段173（玉屏首府）,08:30-18:30,
龙程汽车服务有限公司,18089517333,眉山,丹棱县人民路340号,09:00-18:00,
凌仕汽车,13890325099,眉山,洪雅县封河路8号,09:00-18:00,
保时洁汽车美容6S会所,15983139280,宜宾,江安县滨江路四段成富金座1楼3号,09:00-18:00,
车保姆汽车美容养护中心,17883622018,宜宾,长宁县龙湾半岛龙湾路18号,07:30-21:00,
华欣汽车美容装饰,15983127917,宜宾,南溪区复兴村一社雪埂路243号,09:00-18:00,
e人家汽车美容服务中心,17378800856,宜宾,翠屏区白沙湾黄桷坪大道4号,09:00-18:00,
车益驰,13684180930,宜宾,翠屏区南岸西区唐人财富中心负一层,08:30-19:00,
靓点汽车生活馆（宜宾店）,08318165057,宜宾,翠屏区西郊滨江国际A区7幢1层103号,09:00-18:00,
车立美10元自动洗车中心,13696193163,宜宾,翠屏区西郊翠柏大道1-4号,08:00-19:00,
强仔汽车美容中心,17383244411,宜宾,叙州区柏街镇二二四吉星花园11栋1层1号,09:00-18:00,
 三沃汽车精养（宜宾店）,0831-6881988,宜宾,叙州区柏溪镇城北新区南山星城3号,08:00-20:30,
鑫龙道汽车生活馆,13228328083,宜宾,叙州区万兴现代城加州阳光一楼1号,09:00-18:00,
富丽汽车,13458808161,宜宾,翠屏区旧州路7-附13号,08:30-18:00,
洗车人家（和苑店）,18283184820,宜宾,翠屏区上江北和苑小区1号楼16-18号（梨子坳口红绿灯旁）,09:00-18:00,
新起点汽车服务（邻水店）,18782679118,广安,邻水县环城路东二段72-78号金鼎花园二期门面,07:30-19:00,
邻水县金源汽车服务中心,08263225672,广安,邻水县万兴大道455号,08:00-18:45,
壳牌（金鑫汽车养护中心）,13541860586,广安,邻水县鼎屏镇环城路69号（妇幼保健院对面100米）,09:00-18:00,
鑫泓汽车一站式美容中心,18181792668,广安,邻水县邻水车辆管理所院内左侧100米,08:00-18:00,
邓禄普轮胎（宏图汽车服务中心）,18982633289,广安,邻水县鼎屏镇古邻大道龙腾灌沟新要2栋1-3单元1楼1号,07:00-19:30,
新天利汽车一站式服务中心,15196539666,广安,华蓥市建设街10号,09:00-18:00,
华朵洗车王国爱车会所,18090285678,广安,华蓥市广华大道一段254号,09:00-18:00,
车世界一站式汽车服务行,13982645595,广安,华蓥市清溪路251号,09:00-18:00,
洗车联盟汽车美容中心,13378222319,广安,广安区中兴街155号（幸福花园后门口）,09:00-18:00,
聚友洗车场,17761157195,广安,广安区弘前大道417号,09:00-18:00,
博世汽车专业维修（广安店）,08262220005,广安,广安区城南万盛东路旺角路19号,09:00-18:00,
平安行汽车美容中心,18728644544,广安,广安区万盛东路118号,08:00-19:00,
零公里润滑油（舒雅汽车养护中心）,13568383462,广安,广安区万盛中路369号（广安海事局对面）,08:00-19:00,
鑫峰汽车美容会所,13508285717,广安,广安区五福南路217号,08:00-18:30,
香车国际汽车装饰美容馆,18282623211,广安,广安区兴安上街43号（武警教导队旁）,09:00-18:00,
车之久一站式汽车养护美容中心,13982613871,广安,广安区兴安上街46-58号,09:00-18:00,
奔丰汽车维修中心,18602826635,广安,广安区金源五街32-35号,09:00-18:00,
博世车联（广安店）,08262737855,广安,广安区环溪二路环溪三巷40号,08:00-18:30,
卡满汽车服务,14708272999,广安,广安区环溪二路133号（在水一方东门右侧）,09:00-18:00,
博世车联（枣山店）,18990207400,广安,广安区枣山物流园建明中路与刘家院街交叉口西行100米,08:00-18:30,
车优美超能汽车用品5S体验馆,15182675420,广安,武胜县沿口镇崇文大道35号（新农业局旁）,09:00-18:00,
美特莱斯(武胜店),18589286877,广安,武胜县迎宾大道138号（国际商贸城三号楼一层）,08:00-19:30,
瑞丰汽车美容装饰中心,18282693509,广安,武胜县崇文大道86号,08:00-18:30,
勇士汽车美容会所,15708266818,广安,武胜县东环路19号,09:00-19:00,
美车汇汽车装饰美容中心,18227971778,广安,武胜县光明路133号,09:00-18:00,
车之驿汽车服务中心,13882688398,广安,武胜县沿口镇崇文大道122号,07:50-19:00,
美新汽车美容,18982678815,广安,武胜县弘武大道东段182号,07:00-20:00,
车之道美车生活馆,13882672171,广安,武胜县沿口镇阳和街30号,07:30-19:30,
精典汽车（武胜店）,13551602805,广安,武胜县团结路179号,08:30-18:30,
西关汽车美容装饰,18982699617,广安,武胜县沿口镇建设北路6号（武中商务宾馆旁）,07:00-22:00,
老车手洗车,13982681633,广安,岳池县九龙镇五十米大道12号,09:00-18:00,
好手汽车,18090515550,广安,岳池县银城大道省粮库左侧100米,09:00-18:00,
一路汽车美容中心,15351341755,广安,岳池县滨河东路东二段（五十米大街加气站斜对面）,07:00-19:00,
福莱士汽车,18090515581,广安,岳池县滨河东路3号东南方向34米,08:00-19:09,
固特异轮胎（美国强生汽车膜岳池三九形象店）,13980337861,广安,岳池县滨河东路3号东南方向40米,09:00-18:00,
韩泰轮胎（岳池县人和车业经营部）,08265234266,广安,岳池县九龙镇杜家路113号,09:00-18:00,
车装盛饰,18682678168,广安,岳池县凤翔大道452号,09:00-18:00,
车天下汽车装饰美容中心,18982630096,广安,岳池县麻柳桥鑫城明珠正门左侧100米,09:00-18:00,
汽车美容中心,18982665050,广安,岳池县广高路与平安路交叉口（哈弗4S店左侧）,08:30-18:30,
易车新汽车美容会所,17608068015,广安,岳池县九龙镇翔凤大道184号,08:00-20:00,
四海汽车,18048107978,广安,岳池县白塔路180号,09:00-18:00,
旭辉汽车一站式服务,18580882013,广安,岳池县新平路35号,08:30-19:00,
娇娇汽车装饰美容会所,17508340924,达州,开江县任市镇观音西路21号,09:00-18:00,
军电汽车美容会所,13778332331,达州,开江县新宁镇滨江华府19-23号,09:00-18:00,
腾龙汽车美容中心,13982840741,达州,开江县文盛街52号,09:00-18:00,
米其林轮胎（车之友）,15281891388,达州,开江县金山花园A栋52号,09:00-18:00,
文山鸿发汽车装饰中心,18180183336,达州,开江县新宁镇环城东路154号（双河桥）,09:00-18:00,
文山汽车装饰中心（普安镇）,15182820801,达州,开江县普安镇金山大道西城汽修厂内,09:00-18:00,
臻诚汽车维修养护中心,18580192031,达州,大竹县金利多蔚蓝阳光8号楼一楼,09:00-18:00,
胜牌（大竹县婷婷汽车服务中心）,17713707795,达州,大竹县白塔街道金典时代24-28号,08:30-18:30,
赤诚社管家式汽车美容会所（大竹店）,18381957171,达州,大竹县北城大道一段与迎宾路交叉口西150米（双马车站出站口右侧200米）,09:00-18:00,
卡诺嘉优悦汽车服务,18881865527,达州,渠县东大街屹烽名府正门左侧100米,09:00-18:00,
河市清娃洗车美容,18228681762,达州,达川区河市镇南大街69号（河市法庭左侧100米）,09:00-18:00,
忠缘轿车维修,18048739333,达州,达川区一品南庭9号楼（中迪国际对面）,08:00-18:00,
德系名汇汽车服务,15881849050,达州,渠县天星镇东大街濛山社区望江亭1号,09:00-18:00,
上驷汽车养护维修中心,17723972965,达州,渠县渠江镇营渠路1-8号,09:00-18:00,
段友车e族,18781889929,达州,达川区南外镇东风巷110号,09:00-18:00,
驰加（通达东路店）,18282250299,达州,达川区通达东路1号,09:00-18:00,
大众化汽车美容馆,18228609266,达州,达川区达川区教育巷6号,07:30-18:00,
喜车郎汽车美容中心,15181890570,达州,达川区达川区三里坪街道福达街20号,08:00-18:30,
宏源汽车美容中心（达州店）,15583370567,达州,通川区南外三里坪南城卫生院下行200米（圆通速递旁）,07:30-18:30,
龙卷风汽车美容养护会所,18090906628,达州,达川区达川区同安路62号,09:00-18:00,
领悦专业汽车美容服务会所,17628664250,达州,达川区通达西路龙郡外滩1栋7-10号,09:00-18:00,
鹏飞汽车美容装饰中心,18782875188,达州,通川区野矛溪路（宏冠城市广场底商B区20-21号）,09:00-18:00,
君安汽车装饰美容中心,15983869008,达州,通川区通川北路201号,09:00-18:00,
赛格汽修养护中心,13778324237,达州,通川区肖公庙路218号（原钢厂内）,09:00-18:00,
车之亿汽车生活馆,15983879748,达州,通川区海棠湾路中石化加气站（向南下行10米）,09:00-18:00,
港都汽车装饰美容会所,13629067904,达州,通川区西胜街港都月光城（快速通道出入口左侧100米）,09:00-18:00,
车鲁班（西外店）,08183105888,达州,通川区朝阳中路611号,07:30-18:30,
博派汽车精护美容,18381863521,达州,通川区朝阳西路与西金巷交叉口东150米,09:00-18:00,
爱我车汽车美容养护中心,13551465428,达州,通川区金山北路165号（重庆万州烤鱼旁）,09:00-18:00,
保饰洁汽车生活广场,08182651333,达州,通川区西外凤凰大道（栖凤苑右侧50米）,09:00-18:00,
宣汉宜车堂时尚汽车生活馆,18282249998,达州,宣汉县东乡镇石岭大道华侨大厦底楼2号,09:00-18:00,
金港龙名车会所,18008181681,达州,宣汉县琦云西路三星花园8号楼6-12商铺,09:00-18:00,
施必快汽车美容连锁,18881818597,达州,通川区北外镇高家坝183号,09:00-18:00,
开心汽车,13908245257,雅安,雨城区姚桥国际商贸城(光华山隧道雅安连接线桥下中段),08:30-18:00,
龙腾快捷洗车美容服务中心,13980172816,雅安,雨城区和平东路138号,09:00-18:00,
车之极汽车美容装饰会所,18275236949,雅安,雨城区上坝路239号,09:00-18:00,
车尚中心汽车一站式服务馆,13881619878,雅安,雨城区育才路238号,08:00-18:30,
雅安前沿汽车美容装饰中心,15681631110,雅安,雨城区雅州大道243号,08:00-18:00,
开心汽车服务中心,18981620172,雅安,雨城区先锋路126号,09:00-18:00,
洗车快手蒸汽洗车美容,18188450591 ,雅安,雨城区张家山路191号,08:10-18:30,
阳光洗车场,13981615327,雅安,雨城区陇西路47号,09:00-18:00,
威斯盾汽车美容洗车店,15520250598,雅安,雨城区龙观东路12号,09:00-18:00,
明霞汽车美容装饰,18608350455,雅安,雨城区西门南路59号（飞机坝泛华厂门面）,09:00-18:00,
鑫盛汽车美容装饰(天全店）,13541427272,雅安,天全县滨河路317号,09:00-20:00,
车靓汇汽车服务中心,18916666279,巴中,巴州区望王路东段255号,09:00-18:00,
华鑫汽车维修中心,13684473685,巴中,巴州区晏阳初大道185号附21号,08:00-19:50,
金吉星（华严汽修美容装饰）,18398999692,巴中,平昌县同州办事处新华街东段213号,07:30-18:30,
车饰界（平昌店）,18908295273,巴中,平昌县同州街道办事处信义社区运管所左侧100米,09:00-18:00,
车立方汽车美容专业养护会所,17336875526,巴中,平昌县同州街道办事处信义大道幸福E家1层,09:00-18:00,
得友悦车汽车专业维修,18908298777,巴中,平昌县信义大道幸福E家1号,09:00-18:00,
北环停车洗车场,13198128000,巴中,通江县北环路仁和家园旁通中后校门左侧100米,09:00-18:00,
赛浪车漆快修巴中授权施工店,17611273188,巴中,巴州区帝景湾车库6号,09:00-18:00,
华森汽车,15082720230,巴中,巴州区蓝湾国际A区南门右侧50米,09:00-18:00,
吉祥1+1洗车行,15328262131,巴中,巴州区灵官庙街9号（信合大厦下行到底右转20米）,09:00-18:00,
名点汽车俱乐部,13881699289,巴中,巴州区灵官庙街85,09:00-18:00,
车尊汽车养护中心,18682773661,巴中,巴州区状元桥街230号,09:00-18:00,
维新小汽车服务中心,13541783535,巴中,巴州区红碑路丽景天成A区20号,09:00-18:00,
佳通轮胎（御车汽车服务）,17311033900,巴中,巴州区丽景天城B区43号,09:00-18:00,
斯诺汽车美工坊,18382866462,巴中,巴州区望王路东段145号,09:00-18:00,
腾飞汽车空调装饰中心,18782728266,巴中,巴州区恩阳区文治街378号（马鞍汽车站旁）,08:00-19:30,
238爱车美容会所,08275554567,巴中,巴州区江北大道西段238号（秦川大酒店负一楼）,09:00-18:00,
旭阳汽车美容会所,15182783777,巴中,南江县南江镇米仓山大道文星段1315号,07:30-22:00,
鼎鑫汽车一站式服务中心,15502889966,资阳,安岳县岳阳镇镇北大街245-53号,08:00-18:00,
路洁汽车生活馆（格林威治）,15775153701,资阳,乐至县天池镇帅乡大道726号格林威治27幢,09:00-18:00,
锐诚汽车服务中心,13881738679,资阳,乐至县文庙街富春庄园4号楼1-19号门市,08:00-18:30,
靓洁洗车场,13882990830,资阳,乐至县天池镇帅乡大道乐府江南对面安置房,09:00-18:00,
美时洁汽车美容中心,15283249332,资阳,乐至县天池镇迎宾大道162-166号,08:00-19:00,
兴美经典汽车养护,18708255530,资阳,雁江区金山花园东50米,09:00-18:00,
精典汽车养护中心,15082141920,资阳,雁江区南河街7号,09:00-18:00,
兴中盛汽修,02826731661,资阳,雁江区松涛路二段203号,08:30-18:00,
大昌汽车洗车美容装饰,15775135360,资阳,雁江区南骏大道70号,09:00-18:00,
车元素汽车服务,15282296200,资阳,雁江区中桥街151号（第一人民医院中桥院区向西200米）,09:00-18:00,
车佰汇,15283235505,资阳,雁江区仁德西路405号,09:00-18:00,
海天汽车装饰美容,18048883417,资阳,雁江区仁德西路66号,09:00-18:00,
车天下汽车美容装饰中心,02826653530,资阳,雁江区娇子大道二巷333号C10-12号,09:00-18:00,
洗车郎汽车服务中心,18181353595,资阳,雁江区学苑路47号,07:30-18:30,
合泰汽车服务有限公司,13982969009,资阳,雁江区外环路西一段17-19号,09:00-18:00,
腾达车业汽车美容中心,13908156456,凉山彝族自治州,会东县鲹鱼河镇金叶街107号,09:00-18:00,
陈氏汽车美容装饰中心,18981521638,凉山彝族自治州,会理县迎宾大道78号,09:00-18:00,
道科汽车服务,15883450039,凉山彝族自治州,西昌市泸沽镇交北路210号,09:00-18:00,
明亮汽车美容养护中心,08342231485,凉山彝族自治州,西昌市合盐路2号(尚美商务酒店旁）,09:00-18:00,
我车我秀汽车服务部,18009009890,凉山彝族自治州,西昌市三岔口东路181号,09:00-18:00,
驰加（新恒川轮胎经营部）,13734936662,凉山彝族自治州,西昌市一环路东一段鑫达金阁1-2号商铺,09:00-18:00,
云宇汽车服务中心（三岔口店）,08343866398,凉山彝族自治州,西昌市一环路8号,09:00-18:00,
新起点汽车美容装饰(西昌店）,13795623282,凉山彝族自治州,西昌市花园路2号,09:00-18:00,
云宇汽车服务中心（健康路店）,08348888858,凉山彝族自治州,西昌市航天大道3段-44号,08:30-18:00,
旺兴业车养护换油中心,18882883777,凉山彝族自治州,西昌市风情园路花园路口1号附3号,09:00-18:00,
嘉实多（鑫华名车会所）,13684362277,凉山彝族自治州,西昌市风情园路体育馆对面香格里拉酒店停车厂内,09:00-18:00,
安瑞汽车美容中心,18882056313,凉山彝族自治州,西昌市航天大道32号,09:00-18:00,
陈氏汽车美容装饰中心,15328156371,凉山彝族自治州,冕宁县迎宾路156号,09:00-18:00,
好运气洗车行,15308152126,凉山彝族自治州,盐源县九洞桥下行50米,09:00-18:00,
